QTD,Categoria,PorcentagemTotal,QTD_Massa_Teste,Porcentagem_Massa_teste
876,CAMERAS,1.9529595362835803,91015.0,0.4837177671186078
770,BOOKS,1.7166425147698139,90070.0,0.47869537201970014
639,SURVEILLANCE_CAMERAS,1.4245903466726118,17427.0,0.09261934326842805
553,ACTION_FIGURES,1.2328614424255935,19812.0,0.10529491185138558
503,SHAVING_MACHINES,1.1213911492587225,17656.0,0.0938364104405443
347,RUM,0.7736038345780849,174863.0,0.9293450520426426
346,SHIRTS,0.7713744287147475,79262.0,0.42125405325885945
342,TURNTABLES,0.7624568052613978,21833.0,0.11603592824809718
319,PENS,0.7111804704046372,116461.0,0.6189557202263384
286,LEGGINGS,0.6376100769145023,19946.0,0.10600708216170687
276,BODY_SKIN_CARE_PRODUCTS,0.615316018281128,17768.0,0.09443165726708151
264,CEILING_LIGHTS,0.588563147921079,19356.0,0.1028714069147698
264,LIGHT_BULBS,0.588563147921079,38944.0,0.20697582511308096
262,HAIR_CLIPPERS,0.5841043361944042,27539.0,0.14636162817864462
255,BLENDERS,0.5684984951510422,38088.0,0.202426438653118
255,ULTRABOOKS,0.5684984951510422,9741.0,0.05177052979731208
255,RINGS,0.5684984951510422,190227.0,1.0110001613544075
253,DJ_TURNTABLES,0.5640396834243674,6589.0,0.03501858339333634
250,COMICS,0.5573514658343551,23357.0,0.12413553685204991
247,AV_RECEIVERS,0.5506632482443429,33104.0,0.1759379548722122
247,PANTS,0.5506632482443429,43347.0,0.23037646598132497
242,SMARTWATCHES,0.5395162189276558,17126.0,0.09101961742210929
232,BATHROOM_FAUCETS,0.5172221602942816,20851.0,0.11081688910827986
219,NOTEBOOKS,0.4882398840708951,36148.0,0.1921159132648842
218,DOLLS,0.48601047820755766,23749.0,0.12621890074493014
215,AUDIO_AMPLIFIERS,0.4793222606175454,25272.0,0.13431319464507452
197,JACKETS_AND_COATS,0.43919295507747186,18012.0,0.09572844499632328
195,BLANKETS,0.434734143350797,51910.0,0.27588627469237964
191,SUITS,0.42581651989744734,104359.0,0.5546371747374695
183,SPEAKERS,0.407981272990748,37323.0,0.19836069023971653
179,NETBOOKS,0.39906364953739826,14473.0,0.07691970821850916
177,DRINKING_GLASSES,0.3946048378107234,19387.0,0.1030361627328292
176,WALLPAPERS,0.392375431947386,16626.0,0.08836226551792532
172,AUTOMOTIVE_WATER_PUMPS,0.3834578084940363,19119.0,0.1016118221121866
165,REFRIGERATORS,0.3678519674506744,68068.0,0.36176125882798876
164,SOUVENIRS,0.36562256158733697,23424.0,0.12449162200721056
162,DIGITAL_VOICE_RECORDERS,0.36116374986066213,9970.0,0.052987596969428334
156,GAME_CONSOLES,0.3477873146806376,18127.0,0.0963396359342856
155,FISHING_LURES,0.3455579088173002,18719.0,0.09948594058883942
154,FACIAL_SKIN_CARE_PRODUCTS,0.3433285029539628,18820.0,0.10002272567348458
151,MAGAZINES,0.3366402853639505,38086.0,0.20241580924550126
147,HANDBAGS,0.32772266191060084,17998.0,0.09565403914300613
144,DRUMS,0.3210344443205886,104281.0,0.5542226278404169
144,CAR_AV_RECEIVERS,0.3210344443205886,14842.0,0.07888083392379693
143,SPORT_WATCHES,0.31880503845725117,14471.0,0.07690907881089243
143,VASES,0.31880503845725117,27065.0,0.14384245857347822
142,FANS,0.31657563259391375,41545.0,0.22079936971864597
137,STUFFED_TOYS,0.3054286032772266,17619.0,0.09363976639963469
136,PATIO_FURNITURE_SETS,0.3031991974138892,18384.0,0.09770551481303616
135,CAR_STEREOS,0.30096979155055176,16716.0,0.08884058886067844
135,TELEVISIONS,0.30096979155055176,17703.0,0.0940862015195376
131,LIP_GLOSSES,0.2920521680972021,9367.0,0.04978283057298247
129,MEN_SWIMWEAR,0.28759335637052724,44678.0,0.2374503367502627
129,COOKING_SCALES,0.28759335637052724,13617.0,0.0723703217585462
129,TEA,0.28759335637052724,60807.0,0.3231711944754292
127,VINYL_ROLLS,0.2831345446438524,9825.0,0.05221696491721498
127,AM_FM_RADIOS,0.2831345446438524,21964.0,0.11673215444699338
126,T_SHIRTS,0.280905138780515,20007.0,0.10633127909401732
124,BABY_BLANKETS,0.27644632705384015,24686.0,0.1311987782133709
124,PRINTERS,0.27644632705384015,38443.0,0.2043131585050886
123,DISPOSABLE_CUPS,0.2742169211905027,7929.0,0.04214028649654938
123,SPARK_PLUGS,0.2742169211905027,19836.0,0.10542246474278641
123,TABLETS,0.2742169211905027,27768.0,0.14757869535076087
122,EPILATORS,0.2719875153271653,20621.0,0.10959450723235524
122,KITCHEN_FAUCETS,0.2719875153271653,16106.0,0.085598619537574
122,INDUSTRIAL_BLENDERS,0.2719875153271653,269.0,0.0014296553244509751
120,BOARD_GAMES,0.26752870360049047,17019.0,0.09045094411461392
120,WRISTWATCHES,0.26752870360049047,19082.0,0.10141517807127698
117,SHOWER_HEADS,0.2608404860104782,28585.0,0.15192080836219748
116,DJ_CONTROLLERS,0.2586110801471408,25312.0,0.13452578279740923
115,FISHING_LINES,0.2563816742838034,24159.0,0.12839792930636099
114,EMERGENCY_LIGHTS,0.25415226842046595,20572.0,0.10933408674574521
113,MOBILE_DEVICE_CHARGERS,0.25192286255712854,16881.0,0.08971751498905915
109,SUSPENSION_CONTROL_ARM_BUSHINGS,0.24300523910377883,20301.0,0.1078938020136775
109,MOTORCYCLE_JACKETS,0.24300523910377883,28332.0,0.1505761882986804
106,PLANTS,0.23631702151376657,39519.0,0.2100317798028925
105,LED_STAGE_LIGHTS,0.23408761565042915,25838.0,0.13732131700061076
104,DECORATIVE_VINYLS,0.23185820978709173,20800.0,0.1105458392140531
104,FLOOD_LIGHTS,0.23185820978709173,15821.0,0.08408392895218914
104,SURVEILLANCE_MONITORING_KITS,0.23185820978709173,11143.0,0.059221744536643924
103,AUDIO_INTERFACES,0.22962880392375432,17323.0,0.09206661407235778
103,INTERCOOLER_HOSES,0.22962880392375432,18100.0,0.09619613893145966
100,KEYBOARD_CONTROLLERS,0.22294058633374206,16429.0,0.08731526886767685
100,MIRRORS,0.22294058633374206,33386.0,0.17743670134617195
98,AUTOMOTIVE_AMPLIFIERS,0.21848177460706722,14875.0,0.07905621914947307
98,DOORS,0.21848177460706722,53947.0,0.28671232635002514
97,TOILET_RUGS,0.2162523687437298,16921.0,0.08993010314139387
96,OFFICE_SOFTWARE,0.21402296288039238,15407.0,0.08188364157552482
96,COMPUTER_MONITORS,0.21402296288039238,16600.0,0.08822408321890776
95,DJ_EFFECTS_PROCESSORS,0.21179355701705496,7376.0,0.03920125529052191
95,DECORATIVE_BASKETS,0.21179355701705496,19601.0,0.10417350934781994
95,VESTS,0.21179355701705496,41479.0,0.22044859926729368
94,FOUNDATIONS,0.20956415115371754,12588.0,0.0669014915397356
93,BLOUSES,0.20733474529038012,19371.0,0.10295112747189532
93,DIECAST_VEHICLES,0.20733474529038012,20696.0,0.10999311001798283
92,LIQUID_HAND_AND_BODY_SOAPS,0.2051053394270427,19834.0,0.10541183533516967
91,NECKLACES,0.20287593356370529,19073.0,0.10136734573700167
91,LIPSTICKS,0.20287593356370529,18650.0,0.09911922602606203
91,FREEZERS,0.20287593356370529,19676.0,0.10457211213344754
90,CD_AND_DVD_PLAYERS,0.20064652770036784,19747.0,0.10494945610384165
90,AIR_FRESHENERS,0.20064652770036784,34061.0,0.1810241264168203
89,CAMERA_BATTERIES,0.19841712183703042,19198.0,0.10203168371304766
89,TOY_ROBOTS,0.19841712183703042,13203.0,0.07017003438188188
89,BATHROOM_SINKS,0.19841712183703042,16146.0,0.08581120768990871
88,MODEMS,0.196187715973693,10699.0,0.05686201604572856
88,SOFAS,0.196187715973693,23809.0,0.1265377829734322
87,INSTRUMENT_AMPLIFIERS,0.19395831011035558,18062.0,0.09599418018674169
86,TV_SMPS,0.19172890424701816,21030.0,0.11176822108997772
86,CATS,0.19172890424701816,49503.0,0.263093782625638
85,PORTABLE_CELLPHONE_CHARGERS,0.18949949838368074,25784.0,0.1370343229949589
85,BRIEFCASES,0.18949949838368074,27013.0,0.1435660939754431
84,HOME_SHELVES,0.18727009252034332,24933.0,0.13251151005403777
84,DRESSES,0.18727009252034332,18389.0,0.097732088332078
84,ROUTERS,0.18727009252034332,23951.0,0.12729247091422047
83,BACKPACKS,0.1850406866570059,33007.0,0.1754224286028005
83,STATUES,0.1850406866570059,12688.0,0.0674329619205724
83,HANDICRAFT_BOXES,0.1850406866570059,17180.0,0.09130661142776117
83,LAPTOP_BRIEFCASES,0.1850406866570059,16286.0,0.08655526622308023
83,FACE_MASKS,0.1850406866570059,25907.0,0.13768803156338816
82,FOOTBALL_JACKETS,0.18281128079366848,19309.0,0.1026216158357765
82,OPERATING_SYSTEMS,0.18281128079366848,10728.0,0.05701614245617123
81,WALL_LIGHTS,0.18058187493033107,18648.0,0.0991085966184453
81,CRIBS,0.18058187493033107,21091.0,0.11209241802228817
80,DRAWERS,0.17835246906699365,22745.0,0.12088293812132873
79,CEMENT,0.17612306320365623,65176.0,0.3463911354141887
78,ARTIFICIAL_PLANTS,0.1738936573403188,14814.0,0.07873202221716262
77,AUTOMOTIVE_WEATHERSTRIPS,0.1716642514769814,16410.0,0.08721428949531786
77,INFLATABLE_POOLS,0.1716642514769814,19306.0,0.1026056717243514
76,MATTRESSES,0.16943484561364397,37609.0,0.19988069552890975
75,TOY_BUILDING_SETS,0.16720543975030655,17999.0,0.09565935384681451
75,SUPPLEMENTS,0.16720543975030655,21133.0,0.11231563558223961
75,ELECTRIC_DRILLS,0.16720543975030655,27758.0,0.1475255483126772
75,AUTOMOTIVE_EMBLEMS,0.16720543975030655,18909.0,0.10049573431242932
74,GAMEPADS_AND_JOYSTICKS,0.16497603388696913,15834.0,0.08415302010169792
74,WATER_PURIFIERS_FILTERS,0.16497603388696913,16454.0,0.08744813646288604
74,DRILLS_SCREWDRIVERS,0.16497603388696913,21022.0,0.11172570345951079
74,CAR_DISTRIBUTOR_CAPS,0.16497603388696913,15414.0,0.08192084450218338
74,PREAMPLIFIERS,0.16497603388696913,8619.0,0.045807432124323255
73,SPORT_AND_BAZAAR_BOTTLES,0.1627466280236317,14466.0,0.07688250529185058
73,WALLETS,0.1627466280236317,17115.0,0.09096115568021725
73,SHOCK_MOUNT_INSOLATORS,0.1627466280236317,20207.0,0.1073942198556909
73,OUTDOOR_TABLES,0.1627466280236317,17889.0,0.09507473642789403
73,FABRICS,0.1627466280236317,18176.0,0.09660005642089563
73,ELECTRIC_SCREWDRIVERS,0.1627466280236317,17446.0,0.09272032264078703
72,MINI_COMPONENT_SYSTEMS,0.1605172221602943,22789.0,0.12111678508889692
72,SWEATSHIRTS_AND_HOODIES,0.1605172221602943,22067.0,0.11727956893925527
72,KITCHEN_SINKS,0.1605172221602943,28378.0,0.15082066467386532
72,MUGS,0.1605172221602943,20397.0,0.10840401357928083
71,VEGETABLES_AND_FRUITS,0.15828781629695687,19487.0,0.103567633113666
71,CELLPHONES,0.15828781629695687,25306.0,0.13449389457455901
71,TABLE_AND_DESK_LAMPS,0.15828781629695687,18685.0,0.09930524065935491
71,SHORTS,0.15828781629695687,28205.0,0.14990122091501767
70,GPS,0.15605841043361943,64174.0,0.34106580219820404
70,GARDEN_BENCHES,0.15605841043361943,13256.0,0.07045171368372538
70,JUMPSUITS_AND_OVERALLS,0.15605841043361943,17454.0,0.09276284027125398
70,CELL_BATTERIES,0.15605841043361943,19214.0,0.10211671897398154
70,MICROPHONES,0.15605841043361943,21117.0,0.11223060032130573
70,BOOTS,0.15605841043361943,52967.0,0.28150391661782453
70,SUITCASES,0.15605841043361943,26407.0,0.1403453834675721
69,ICE_CREAM_MACHINES,0.153829004570282,5855.0,0.031117590797994272
69,WATCH_BANDS,0.153829004570282,18893.0,0.10041069905149544
68,BABY_CLOTHING_SETS,0.1515995987069446,19825.0,0.10536400300089435
68,RUBBER_STAMPS,0.1515995987069446,23373.0,0.1242205721129838
68,FOOTBALL_SHIRTS,0.1515995987069446,18934.0,0.10062860190763853
68,DISHES_RACKS,0.1515995987069446,18584.0,0.09876845557470974
67,CONCEALERS,0.14937019284360717,11236.0,0.059716011990822146
67,BABIES_FOOTWEAR,0.14937019284360717,18225.0,0.09686047690750565
67,DVD_RECORDERS,0.14937019284360717,9055.0,0.048124642984771676
67,BEDS,0.14937019284360717,35335.0,0.18779505906868108
67,BODYWEIGHT_SCALES,0.14937019284360717,12611.0,0.06702372972732806
67,STREAMING_MEDIA_DEVICES,0.14937019284360717,24163.0,0.12841918812159447
66,AUTOMOTIVE_SIDE_VIEW_MIRRORS,0.14714078698026975,16674.0,0.08861737130072699
66,BRACELETS_AND_ANKLE_BRACES,0.14714078698026975,19246.0,0.10228678949584932
66,ANALOG_CAMERAS,0.14714078698026975,16175.0,0.08596533410035138
66,COSTUMES,0.14714078698026975,36406.0,0.19348710684744314
65,DATA_CABLES_AND_ADAPTERS,0.14491138111693233,18825.0,0.10004929919252642
65,SOUND_CARDS,0.14491138111693233,18256.0,0.09702523272556507
65,MALE_UNDERWEAR,0.14491138111693233,18229.0,0.09688173572273913
64,PERSONAL_LUBRICANTS_AND_GELS,0.1426819752535949,17840.0,0.094814315941284
64,UNIVERSAL_HOME_GYMS,0.1426819752535949,5651.0,0.030033391221087214
63,WOMEN_SWIMWEAR,0.1404525693902575,18840.0,0.10012901974965194
63,UPS_BATTERIES,0.1404525693902575,8984.0,0.04774729901437755
63,TOY_PLANES,0.1404525693902575,10149.0,0.053938928951126196
63,MERCHANDISER_REFRIGERATORS,0.1404525693902575,18539.0,0.09852929390333319
63,DECORATIVE_VASES,0.1404525693902575,11350.0,0.06032188822497609
63,WINES,0.1404525693902575,33998.0,0.18068930007689313
63,MEMORY_CARDS,0.1404525693902575,26335.0,0.13996272479336963
62,HAIR_TREATMENTS,0.13822316352692007,20264.0,0.10769715797276788
62,BOOKCASES,0.13822316352692007,28333.0,0.15058150300248876
62,LAMP_HOLDERS,0.13822316352692007,5966.0,0.03170752292072312
62,BABY_HIGH_CHAIRS,0.13822316352692007,20223.0,0.1074792551166248
62,TOY_GARAGES_AND_GAS_STATIONS,0.13822316352692007,4804.0,0.025531837095399572
61,FISHING_RODS,0.13599375766358265,18331.0,0.09742383551119266
61,BATHROOM_ACCESSORIES_SETS,0.13599375766358265,14529.0,0.07721733163177776
61,RANGES,0.13599375766358265,27800.0,0.14774876587262867
61,GLASSES_FRAMES,0.13599375766358265,18384.0,0.09770551481303616
61,STEPPERS,0.13599375766358265,2121.0,0.011272486777548395
61,SUNGLASSES,0.13599375766358265,17556.0,0.0933049400597075
60,GIFT_CARDS,0.13376435180024523,13838.0,0.07354487130019552
60,DIAPER_BAGS,0.13376435180024523,14174.0,0.07533061177980714
60,MULTIGAME_MACHINES,0.13376435180024523,5601.0,0.029767656030668818
60,CAKES,0.13376435180024523,14891.0,0.07914125441040695
60,MUSICAL_KEYBOARD_CASES_AND_BAGS,0.13376435180024523,5325.0,0.028300797779559267
60,VEHICLE_SPEAKERS,0.13376435180024523,17986.0,0.09559026269730572
60,BABY_PLAYARDS,0.13376435180024523,16498.0,0.08768198343045423
60,DINING_TABLES,0.13376435180024523,19567.0,0.10399280941833543
59,BICYCLES,0.13153494593690782,33168.0,0.17627809591594776
59,COMFORTERS,0.13153494593690782,18426.0,0.09792873237298762
59,POPCORN_BOXES,0.13153494593690782,14218.0,0.07556445874737533
58,ELLIPTICAL_MACHINES,0.1293055400735704,7303.0,0.038813281912511044
58,FLOOR_LAMPS,0.1293055400735704,16733.0,0.08893093882542069
58,FUEL_INJECTION_RAILS,0.1293055400735704,7982.0,0.04242196579839288
58,SWEATERS_AND_CARDIGANS,0.1293055400735704,29176.0,0.15506179831294295
57,CV_JOINTS,0.12707613421023298,27462.0,0.1459523959854003
57,ESSENTIAL_OILS,0.12707613421023298,24970.0,0.1327081540949474
57,DESKTOP_COMPUTER_COOLERS_AND_FANS,0.12707613421023298,20019.0,0.10639505553971774
57,AUTOMOTIVE_TIRES,0.12707613421023298,23607.0,0.1254642128041419
56,CARDS_AND_INVITATIONS,0.12484672834689556,14905.0,0.0792156602637241
56,BRAS,0.12484672834689556,21323.0,0.11332542930582953
56,CUSHIONS,0.12484672834689556,18690.0,0.09933181417839675
55,FISHES,0.12261732248355812,11500.0,0.06111909379623128
55,PLAYING_CARDS,0.12261732248355812,16682.0,0.08865988893119393
55,MINI_PCS,0.12261732248355812,13861.0,0.07366710948778799
54,BASS_GUITARS,0.1203879166202207,16628.0,0.08837289492554207
54,CARPETS,0.1203879166202207,20380.0,0.10831366361453856
54,FLASHLIGHTS,0.1203879166202207,24863.0,0.13213948078745202
54,WORKOUT_BENCHES,0.1203879166202207,4003.0,0.021274759344896855
54,SWAY_BAR_LINKS,0.1203879166202207,19397.0,0.10308930977091288
53,TRADING_CARD_GAMES,0.11815851075688329,23370.0,0.1242046280015587
53,STOOLS,0.11815851075688329,15793.0,0.08393511724555483
53,COMPUTER_MOTHERBOARDS,0.11815851075688329,21887.0,0.11632292225374904
53,CAKE_STANDS,0.11815851075688329,15640.0,0.08312196756287454
53,ANIMAL_CLIPPERS,0.11815851075688329,13805.0,0.07336948607451937
53,ELECTRONIC_DRUMS,0.11815851075688329,10826.0,0.05753698342939129
53,HABERDASHERY_RIBBONS,0.11815851075688329,15508.0,0.08242042666016998
52,PORTABLE_EVAPORATIVE_AIR_COOLERS,0.11592910489354587,8978.0,0.04771541079152734
52,TOY_TRAINS,0.11592910489354587,13528.0,0.07189731311960146
52,AEROBIC_CRUNCH_MACHINES,0.11592910489354587,3085.0,0.016395861248815088
52,KEYCHAINS,0.11592910489354587,20179.0,0.10724540814905661
51,ARTIFICIAL_FLOWERS,0.11369969903020845,7160.0,0.03805327926791443
51,MAGNETIC_COMPASSES,0.11369969903020845,7708.0,0.040965736954900064
51,MOTORCYCLE_FAIRINGS,0.11369969903020845,20198.0,0.10734638752141559
51,TOILETRY_BAGS,0.11369969903020845,18381.0,0.09768957070161105
51,COMPUTER_PROCESSORS,0.11369969903020845,17746.0,0.09431473378329741
50,POOL_INFLATABLES,0.11147029316687103,16749.0,0.08901597408635459
50,FISHING_REELS,0.11147029316687103,17312.0,0.09200815233046573
50,PERMANENT_EPILATORS,0.11147029316687103,7434.0,0.03950950811140724
50,LATHES,0.11147029316687103,12581.0,0.06686428861307701
50,VIBRATORS,0.11147029316687103,15969.0,0.0848705051158276
50,WATER_DISPENSERS,0.11147029316687103,8682.0,0.046142258464250435
49,HUMIDIFIERS_AND_VAPORIZERS,0.10924088730353361,11345.0,0.06029531470593425
49,ENGINE_GASKET_SETS,0.10924088730353361,16678.0,0.08863863011596046
49,ENGINE_CYLINDER_HEAD_BOLTS,0.10924088730353361,9990.0,0.05309389104559569
49,THERMOSES,0.10924088730353361,17713.0,0.09413934855762128
49,BED_SHEETS,0.10924088730353361,18885.0,0.10036818142102849
49,CELLPHONE_TABLET_AND_GPS_SCREEN_PROTECTORS,0.10924088730353361,20837.0,0.1107424832549627
49,COUNTERTOPS,0.10924088730353361,8636.0,0.04589778208906551
49,COFFEE_TABLES,0.10924088730353361,26090.0,0.13866062236031948
49,CAMERA_BATTERY_GRIPS,0.10924088730353361,5755.0,0.03058612041715748
49,VIDEO_GAME_PREPAID_CARDS,0.10924088730353361,17314.0,0.09201878173808246
48,KITCHEN_POTS,0.10701148144019619,22080.0,0.11734866008876406
48,SPARKLING_WINES,0.10701148144019619,3510.0,0.01865461036737146
48,MOTORCYCLE_CLUTCH_COVERS,0.10701148144019619,6248.0,0.03320626939468287
48,MIXERS,0.10701148144019619,47976.0,0.25497822991026015
48,LIFE_JACKETS,0.10701148144019619,15772.0,0.08382350846557911
47,SELF_ADHESIVE_LABELS,0.10478207557685877,13351.0,0.07095661054552033
47,SUSPENSION_BALL_JOINTS,0.10478207557685877,18039.0,0.09587194199914922
47,MILK,0.10478207557685877,9911.0,0.05267402944473463
47,KITCHEN_BOWLS,0.10478207557685877,17344.0,0.0921782228523335
47,CAMERA_MONOPODS,0.10478207557685877,16435.0,0.08734715709052705
47,VACUUM_TUBES,0.10478207557685877,12783.0,0.06793785878236734
47,PORCELAIN_TILES,0.10478207557685877,13700.0,0.07281144217464074
47,BAR_SOAPS,0.10478207557685877,9370.0,0.049798774684407576
47,EYESHADOWS,0.10478207557685877,17692.0,0.09402773977764554
46,HAIR_MOLDING_AND_STYLING,0.10255266971352135,13647.0,0.07252976287279723
46,SCULPTURES,0.10255266971352135,18958.0,0.10075615479903936
46,STIMULATING_PILLS_AND_CAPSULES,0.10255266971352135,5761.0,0.030618008640007688
46,DRONES,0.10255266971352135,15553.0,0.08265958833154653
46,DIGITAL_PORTABLE_MEDIA_PLAYERS,0.10255266971352135,22899.0,0.1217014025078174
46,MOTORCYCLE_BATTERIES,0.10255266971352135,26228.0,0.13939405148587425
46,BATHROOM_FAUCET_SETS,0.10255266971352135,11322.0,0.060173076518341785
46,ALL_IN_ONE,0.10255266971352135,21533.0,0.1144415171055868
46,INDUSTRIAL_AND_COMMERCIAL_SCALES,0.10255266971352135,13232.0,0.07032416079232455
46,BATTERY_CHARGERS,0.10255266971352135,16674.0,0.08861737130072699
45,PUPPETS,0.10032326385018392,10573.0,0.0561923633658742
45,REMOTE_CONTROL_TOY_VEHICLES,0.10032326385018392,18200.0,0.09672760931229646
45,DEHUMIDIFIERS,0.10032326385018392,3687.0,0.019595312941452586
45,SNEAKERS,0.10032326385018392,23226.0,0.12343931065315371
45,PILLOWS,0.10032326385018392,30588.0,0.16256616009035846
45,AUTOMOTIVE_MOLDINGS,0.10032326385018392,18583.0,0.09876314087090138
45,PENCIL_CASES,0.10032326385018392,25564.0,0.13586508815711795
44,HOME_HEATERS,0.0980938579868465,20154.0,0.1071125405538474
44,BABY_STROLLERS,0.0980938579868465,25648.0,0.13631152327702087
44,EXTERNAL_LAPTOP_COOLERS,0.0980938579868465,13016.0,0.06917618476971707
44,BABY_CAR_SEATS,0.0980938579868465,28519.0,0.1515700379108452
44,TIMERS,0.0980938579868465,13434.0,0.07139773096161488
44,HAND_BLENDERS,0.0980938579868465,15344.0,0.08154881523559764
44,ENGINE_VALVES,0.0980938579868465,34355.0,0.1825866493364805
44,STRING_TRIMMERS,0.0980938579868465,7560.0,0.0401791607912616
44,ENGINE_BEARINGS,0.0980938579868465,16687.0,0.08868646245023577
43,MATE_GOURDS,0.09586445212350908,9387.0,0.04988912464914983
43,SERVING_AND_HOME_TRAYS,0.09586445212350908,18368.0,0.09762047955210228
43,THERMAL_CUPS_AND_TUMBLERS,0.09586445212350908,26300.0,0.13977671016007676
43,TRUMPETS,0.09586445212350908,7562.0,0.04018979019887834
43,ADHESIVE_TAPES,0.09586445212350908,26522.0,0.14095657440553444
43,CAMERA_LENSES,0.09586445212350908,18157.0,0.09649907704853664
43,PUSH_AND_RIDING_TOYS,0.09586445212350908,16761.0,0.089079750532055
43,COLLECTIBLE_CANS_BOTTLES_AND_SODA_SIPHONS,0.09586445212350908,19687.0,0.10463057387533958
43,ENGINE_OILS,0.09586445212350908,17995.0,0.09563809503158104
43,SCREEN_PRINTING_MACHINES,0.09586445212350908,1373.0,0.007297088328889178
43,STATIONARY_BICYCLES,0.09586445212350908,14067.0,0.07476193847231177
43,MUSICAL_KEYBOARDS,0.09586445212350908,28062.0,0.14914121827042107
43,WALKIE_TALKIES,0.09586445212350908,21766.0,0.11567984309293652
43,PANTIES,0.09586445212350908,19101.0,0.10151615744363597
42,STEAM_CLEANERS,0.09363504626017166,6150.0,0.03268542842146281
42,BATHROOM_VANITIES,0.09363504626017166,23885.0,0.12694170046286818
42,BEDROOM_SETS,0.09363504626017166,17190.0,0.09135975846584485
42,COOKTOPS,0.09363504626017166,23180.0,0.12319483427796879
42,CELLPHONE_COVERS,0.09363504626017166,23455.0,0.12465637782526998
42,SANDALS_AND_FLIP_FLOPS,0.09363504626017166,21840.0,0.11607313117475575
41,ULTRASONIC_CAVITATION_MACHINES,0.09140564039683424,2632.0,0.013988300423624412
41,KIDS_TABLES_AND_CHAIRS_SETS,0.09140564039683424,8939.0,0.047508137343000995
41,ENGINE_INTAKE_HOSES,0.09140564039683424,23180.0,0.12319483427796879
41,IRONS,0.09140564039683424,51400.0,0.273175775750112
41,MUSICAL_TUNERS,0.09140564039683424,18218.0,0.09682327398084709
41,CONTINUOUS_LIGHTING,0.09140564039683424,19050.0,0.10124510754940921
41,WIRELESS_ANTENNAS,0.09140564039683424,19777.0,0.1051088972180927
41,RAM_MEMORY_MODULES,0.09140564039683424,17826.0,0.09473991008796685
41,LIVING_ROOM_SETS,0.09140564039683424,17684.0,0.09398522214717861
41,CAMERA_CHARGERS,0.09140564039683424,19495.0,0.10361015074413293
41,IRRIGATION_VALVES,0.09140564039683424,11586.0,0.06157615832375092
41,SOLID_SWEET_PASTES,0.09140564039683424,4510.0,0.023969314175739397
41,MICROCONTROLLERS,0.09140564039683424,13794.0,0.07331102433262733
41,CAKE_TOPPERS,0.09140564039683424,19819.0,0.10533211477804415
41,CLEANING_SPONGES,0.09140564039683424,6497.0,0.03452963064296649
41,COMMERCIAL_AND_EVENT_BAGS,0.09140564039683424,19495.0,0.10361015074413293
41,BABY_SWIMWEAR,0.09140564039683424,10076.0,0.05355095557311534
40,DILDOS,0.08917623453349682,22472.0,0.11943202398164429
40,VIDEO_GAMES,0.08917623453349682,23022.0,0.12235511107624665
40,BARBECUE_TOOL_SETS,0.08917623453349682,7687.0,0.040854128174924335
40,WAFFLE_MAKERS,0.08917623453349682,2538.0,0.013488718265637824
40,WOOD_BURNING_MACHINES,0.08917623453349682,1261.0,0.006701841502351969
40,HAMMER_DRILLS,0.08917623453349682,16452.0,0.0874375070552693
40,INK_CARTRIDGES,0.08917623453349682,20467.0,0.10877604284586657
40,BEER_DISPENSERS,0.08917623453349682,7211.0,0.038324329162141194
40,HAIR_SHAMPOOS_AND_CONDITIONERS,0.08917623453349682,20250.0,0.10762275211945073
40,CLASSIC_CARS,0.08917623453349682,26289.0,0.1397182484181847
40,BOX_SPRING_AND_MATTRESS_SETS,0.08917623453349682,27377.0,0.14550064616168903
40,BUTT_PLUGS,0.08917623453349682,6285.0,0.033402913435592485
40,KEYBOARD_AND_MOUSE_KITS,0.08917623453349682,26516.0,0.14092468618268422
39,OUTER_TIE_ROD_ENDS,0.0869468286701594,16447.0,0.08741093353622746
39,BRICKS,0.0869468286701594,4128.0,0.021939097320942846
39,GARAGE_DOORS,0.0869468286701594,7832.0,0.04162476022713769
39,EMBROIDERY_MACHINES,0.0869468286701594,3335.0,0.01772453720090707
39,FOOD_PROCESSORS,0.0869468286701594,13446.0,0.07146150740731529
39,ANTIQUE_TOY_CARS,0.0869468286701594,16939.0,0.09002576780994449
39,BEACH_BALLS,0.0869468286701594,1641.0,0.008721428949531785
38,SWEETENERS,0.08471742280682198,4742.0,0.02520232545928076
38,HAND_POLISHERS,0.08471742280682198,14613.0,0.07766376675168067
38,FOLDERS_AND_EXPANDING_FILES,0.08471742280682198,24875.0,0.13220325723315243
38,YOGURT_MAKERS,0.08471742280682198,823.0,0.004374001234286813
38,AUTOMOTIVE_CLUTCH_MASTER_CYLINDERS,0.08471742280682198,15709.0,0.08348868212565193
38,COAT_RACKS,0.08471742280682198,18584.0,0.09876845557470974
38,AUTOMOTIVE_TRANSMISSION_GEARS,0.08471742280682198,15225.0,0.08091636548240184
38,TRAVEL_DOCUMENT_ORGANIZERS,0.08471742280682198,6676.0,0.03548096262466435
38,WATER_RADIATORS,0.08471742280682198,17962.0,0.09546270980590489
38,SEWING_MACHINES,0.08471742280682198,27596.0,0.1466645662957216
38,CHARMS_AND_MEDALS,0.08471742280682198,22556.0,0.1198784591015472
37,SWIMMING_GOGGLES,0.08248801694348457,17474.0,0.09286913434742133
37,WALL_CLOCKS,0.08248801694348457,27746.0,0.1474617718669768
37,PC_KEYBOARDS,0.08248801694348457,16947.0,0.09006828544041144
37,EROTIC_CREAMS,0.08248801694348457,9135.0,0.04854981928944111
37,BABY_PACIFIER_CLIPS,0.08248801694348457,4756.0,0.02527673131259791
37,LINGERIE_SETS,0.08248801694348457,17600.0,0.0935387870272757
37,SANDER_MACHINES,0.08248801694348457,20495.0,0.10892485455250088
37,SCREEN_PRINTERS,0.08248801694348457,12358.0,0.06567910966381096
37,PARTY_HATS,0.08248801694348457,22377.0,0.11892712711984933
37,CONSTRUCTION_BEAMS,0.08248801694348457,4544.0,0.024150014105223907
36,CANDLE_HOLDERS,0.08025861108014715,16865.0,0.08963247972812527
36,IGNITION_CONTROL_MODULES,0.08025861108014715,13063.0,0.06942597584871037
36,NETWORK_CARDS,0.08025861108014715,16656.0,0.08852170663217636
36,DRINK_PITCHERS,0.08025861108014715,22589.0,0.12005384432722334
36,CERAMIC_TILES,0.08025861108014715,15364.0,0.08165510931176499
36,CAR_SCANNERS,0.08025861108014715,23897.0,0.1270054769085686
36,HEATING_PADS,0.08025861108014715,5203.0,0.027652403914938378
36,STRAWS,0.08025861108014715,13304.0,0.07070681946652704
36,CELLPHONE_BATTERIES,0.08025861108014715,19975.0,0.10616120857214954
36,SUNBATHING_CHAIRS,0.08025861108014715,16330.0,0.08678911319064841
36,VIDEO_CAPTURE_DEVICES,0.08025861108014715,12658.0,0.06727352080632135
36,AIR_MATTRESSES,0.08025861108014715,10194.0,0.054178090622502756
36,JUICES,0.08025861108014715,6941.0,0.036889359133881854
36,SPICE_RACKS,0.08025861108014715,12912.0,0.06862345557364681
35,HABERDASHERY_LACE_EDGINGS,0.07802920521680971,5042.0,0.02679673660179114
35,BLU_RAY_PLAYERS,0.07802920521680971,6091.0,0.032371860896769106
35,PHOTO_ALBUMS,0.07802920521680971,11840.0,0.06292609309107638
35,AUTOMOTIVE_ARMRESTS,0.07802920521680971,6407.0,0.03405130730021338
35,COFFEE_CAPSULES,0.07802920521680971,14569.0,0.07742991978411248
35,LIGHT_STANDS,0.07802920521680971,2358.0,0.012532071580131596
35,EROTIC_MALE_UNDERWEAR,0.07802920521680971,2209.0,0.011740180712684773
35,MULTIMETERS,0.07802920521680971,21673.0,0.11518557563875831
34,MAKEUP_VANITIES,0.0757997993534723,9981.0,0.053046058711320385
34,DJ_CASES,0.0757997993534723,6900.0,0.03667145627773877
34,PIPES_AND_TUBES,0.0757997993534723,23587.0,0.12535791872797453
34,HOME_OFFICE_DESKS,0.0757997993534723,19446.0,0.1033497302575229
34,CLEANING_CLOTHS,0.0757997993534723,18729.0,0.0995390876269231
34,FLUTES,0.0757997993534723,13400.0,0.07121703103213035
34,NETWORK_CABLES,0.0757997993534723,16204.0,0.08611946051079405
34,CAN_OPENERS,0.0757997993534723,3142.0,0.01669879936589206
34,INTEGRATED_CIRCUITS,0.0757997993534723,20272.0,0.10773967560323483
34,MOTORCYCLE_JERSEYS,0.0757997993534723,21718.0,0.11542473731013486
34,DENTAL_PLIERS,0.0757997993534723,3364.0,0.01787866361134974
34,ENERGETIC_STONES,0.0757997993534723,11603.0,0.061666508288493176
34,ELECTRONIC_MUSCLE_STIMULATORS,0.0757997993534723,6397.0,0.03399816026212969
34,WHEEL_STUDS,0.0757997993534723,12783.0,0.06793785878236734
34,ORTHOPEDIC_WALKER_BOOTS,0.0757997993534723,3633.0,0.019308318935800716
34,WELDING_MASKS,0.0757997993534723,9614.0,0.05109556241364935
34,TV_ANTENNAS,0.0757997993534723,17585.0,0.09345906647015018
33,BRUSH_CUTTERS,0.07357039349013487,12177.0,0.06471714827449637
33,EYELINERS,0.07357039349013487,11002.0,0.058472371299664046
33,LIGHTERS,0.07357039349013487,40090.0,0.2130664756774706
33,VEGETABLES_AND_FRUITS_CHOPPERS,0.07357039349013487,16774.0,0.08914884168156378
33,DINING_CHAIRS,0.07357039349013487,19000.0,0.10097937235899081
33,ENGINE_TAPPET_GUIDE_HOLDS,0.07357039349013487,11418.0,0.06068328808394511
33,ENGINE_PISTONS,0.07357039349013487,16726.0,0.08889373589876212
33,KITCHEN_CABINET_ORGANIZERS,0.07357039349013487,11336.0,0.06024748237165894
33,COFFEE_MAKERS,0.07357039349013487,29637.0,0.15751187676860057
33,KITCHEN_MOLDS,0.07357039349013487,24138.0,0.12828632052638528
33,INDUSTRIAL_PULLEYS,0.07357039349013487,9532.0,0.050659756701363176
33,TABLECLOTHS,0.07357039349013487,17893.0,0.0950959952431275
33,DIGITAL_WEATHER_STATIONS,0.07357039349013487,1125.0,0.00597904178441393
33,STAPLERS,0.07357039349013487,10937.0,0.05812691555212013
33,DISC_PACKAGINGS,0.07357039349013487,14584.0,0.077509640341238
33,ABS_SENSORS,0.07357039349013487,12445.0,0.06614148889513898
33,SIDEBOARDS,0.07357039349013487,24843.0,0.13203318671128467
33,PORTABLE_ELECTRIC_MASSAGERS,0.07357039349013487,17621.0,0.09365039580725143
33,SQUEEZERS,0.07357039349013487,11836.0,0.06290483427584291
33,ANTI_THEFT_STUDS,0.07357039349013487,19614.0,0.10424260049732872
32,MAKEUP_BRUSHES,0.07134098762679746,17548.0,0.09326242242924057
32,ANTIQUE_CHAIRS,0.07134098762679746,21222.0,0.11278864422118437
32,SEWING_THREADS,0.07134098762679746,8660.0,0.046025334980466334
32,DRUM_STANDS,0.07134098762679746,16638.0,0.08842604196362575
32,MATE_SETS,0.07134098762679746,20321.0,0.10800009608984486
32,LABEL_MAKERS,0.07134098762679746,8519.0,0.045275961743486456
32,HABERDASHERY_BEADS,0.07134098762679746,5439.0,0.02890667401371321
32,VACUUM_CLEANERS,0.07134098762679746,28044.0,0.14904555360187044
32,AUTOMOTIVE_HEADLIGHTS,0.07134098762679746,21316.0,0.11328822637917095
32,SOLAR_PANELS,0.07134098762679746,9467.0,0.050314300953819266
32,ERASERS,0.07134098762679746,7367.0,0.039153422956246596
32,DOLLHOUSES,0.07134098762679746,15357.0,0.08161790638510641
32,EQUALIZERS,0.07134098762679746,6890.0,0.03661830923965509
32,SCHOOL_AND_OFFICE_GLUES,0.07134098762679746,19988.0,0.10623029972165833
32,RACQUETS,0.07134098762679746,28948.0,0.15385004584463505
32,ALARMS_AND_SENSORS,0.07134098762679746,19476.0,0.10350917137177394
32,CONNECTING_COUPLERS,0.07134098762679746,1773.0,0.009422969852236352
32,BREAST_FEEDING_PILLOWS,0.07134098762679746,6248.0,0.03320626939468287
32,CELLPHONE_AND_TABLET_CASES,0.07134098762679746,19581.0,0.10406721527165258
32,KITES,0.07134098762679746,6644.0,0.03531089210279657
31,KITCHEN_TOWELS,0.06911158176346004,14331.0,0.07616502027772092
31,GAS_LIFT_SUPPORTS,0.06911158176346004,16185.0,0.08601848113843506
31,TOOL_BOXES,0.06911158176346004,18491.0,0.09827418812053153
31,TABLE_CLOCKS,0.06911158176346004,14809.0,0.07870544869812078
31,TV_AND_MONITOR_MOUNTS,0.06911158176346004,25517.0,0.13561529707812467
31,YARNS,0.06911158176346004,7518.0,0.03995594323131015
31,GOLF_BAGS,0.06911158176346004,2122.0,0.011277801481356762
31,ELECTRIC_CHAINSAWS,0.06911158176346004,1202.0,0.006388273977658261
31,BODY_SHAPERS,0.06911158176346004,18688.0,0.09932118477078002
31,KITCHEN_MORTARS,0.06911158176346004,3096.0,0.016454322990707135
31,GOLF_CLUBS_SETS,0.06911158176346004,2493.0,0.013249556594261268
31,AUDIO_AND_VIDEO_CABLES_AND_ADAPTERS,0.06911158176346004,21068.0,0.1119701798346957
31,AIR_COMPRESSORS,0.06911158176346004,26371.0,0.14015405413047088
31,HAND_SAWS,0.06911158176346004,13760.0,0.07313032440314282
31,KITCHEN_APRONS,0.06911158176346004,18707.0,0.09942216414313901
31,NAIL_DRYERS,0.06911158176346004,13427.0,0.0713605280349563
31,WATER_HEATERS,0.06911158176346004,31398.0,0.1668710701751365
31,CALCULATORS,0.06911158176346004,21966.0,0.11674278385461011
31,ENGINE_CRANKSHAFT_PULLEYS,0.06911158176346004,14253.0,0.07575047338066822
31,IDLER_ARMS,0.06911158176346004,9601.0,0.05102647126414057
31,EARRINGS,0.06911158176346004,20347.0,0.10813827838886242
30,BILLIARD_TABLES,0.06688217590012262,4229.0,0.022475882405588007
30,AIRGUN_PELLETS,0.06688217590012262,13808.0,0.07338543018594448
30,LED_STRIPS,0.06688217590012262,29910.0,0.158962790908285
30,WINDSHIELD_WIPERS,0.06688217590012262,17489.0,0.09294885490454685
30,FRAME_POOLS,0.06688217590012262,8650.0,0.045972187942382656
30,HAIRDRESSING_CAPS,0.06688217590012262,7683.0,0.04083286935969086
30,HATS_AND_CAPS,0.06688217590012262,21529.0,0.11442025829035332
30,HEATER_CORES,0.06688217590012262,14654.0,0.07788166960782375
30,DINING_SETS,0.06688217590012262,17377.0,0.09235360807800964
30,OTOSCOPES,0.06688217590012262,2503.0,0.013302703632344948
30,PARKING_SENSORS,0.06688217590012262,9345.0,0.04966590708919837
30,PINBALLS,0.06688217590012262,1612.0,0.008567302539089114
30,RADIO_FREQUENCY_MICROPHONES,0.06688217590012262,3543.0,0.018829995593047603
30,TELEPHONES,0.06688217590012262,23186.0,0.123226722500819
30,SCALEXTRIC_CARS,0.06688217590012262,11462.0,0.0609171350515133
30,SCREWDRIVERS_SETS,0.06688217590012262,8968.0,0.047662263753443665
30,SCREWS,0.06688217590012262,25218.0,0.13402620063942264
30,HEADPHONES,0.06688217590012262,21575.0,0.11466473466553825
30,PICTURE_FRAMES,0.06688217590012262,17606.0,0.09357067525012591
29,SELF_TANNERS,0.0646527700367852,3436.0,0.01826132228555223
29,JAMS,0.0646527700367852,4253.0,0.022603435296988838
29,HEDGE_TRIMMERS,0.0646527700367852,3318.0,0.017634187236164816
29,CAMERA_TRIPODS,0.0646527700367852,20767.0,0.11037045398837696
29,MOUTHWASHES,0.0646527700367852,4031.0,0.021423571051531157
29,PLACEMATS,0.0646527700367852,9852.0,0.05236046192004092
29,CATS_LITTER,0.0646527700367852,6538.0,0.03474753349910958
29,VEHICLE_STICKERS,0.0646527700367852,19760.0,0.10501854725335044
29,TELEVISION_MAIN_PLATE_REPLACEMENTS,0.0646527700367852,21359.0,0.11351675864293077
29,DRONE_PROPELLERS,0.0646527700367852,3648.0,0.019388039492926234
29,FLATWARE_SETS,0.0646527700367852,18525.0,0.09845488805001604
29,THERMOMETERS,0.0646527700367852,7741.0,0.0411411221805762
29,AUTOMOTIVE_SEATS,0.0646527700367852,12603.0,0.06698121209686111
29,VODKAS,0.0646527700367852,15179.0,0.08067188910721693
29,KITCHEN_PLAYSETS,0.0646527700367852,16743.0,0.08898408586350437
28,PAINTBALLS,0.06242336417344778,2764.0,0.014689841326328978
28,GAUZES,0.06242336417344778,6983.0,0.037112576693833305
28,MICRO_ROTARY_TOOLS,0.06242336417344778,11636.0,0.06184189351416932
28,FISH_TANKS,0.06242336417344778,15225.0,0.08091636548240184
28,STETHOSCOPES,0.06242336417344778,8504.0,0.04519624118636094
28,OSCILLOSCOPES,0.06242336417344778,3795.0,0.020169300952756323
28,NAPKIN_HOLDERS,0.06242336417344778,6817.0,0.03623033586164423
28,MARKERS_AND_HIGHLIGHTERS,0.06242336417344778,16434.0,0.08734184238671869
28,MICRODERMABRASION_MACHINES,0.06242336417344778,4154.0,0.02207727961996041
28,JEWELRY_BOXES,0.06242336417344778,16651.0,0.08849513311313452
28,INDUSTRIAL_ICE_CREAM_MACHINES,0.06242336417344778,4615.0,0.024527358075618032
28,KNITTING_NEEDLES,0.06242336417344778,7204.0,0.038287126235482624
28,DJEMBES,0.06242336417344778,1936.0,0.010289266573000326
28,SKIRTS,0.06242336417344778,19844.0,0.10546498237325334
28,CURLING_IRONS,0.06242336417344778,12531.0,0.06659855342265862
28,AUTOMOTIVE_SHOCK_ABSORBERS,0.06242336417344778,18894.0,0.1004160137553038
28,SOAP_HOLDERS,0.06242336417344778,16958.0,0.09012674718230348
28,AUTOMOTIVE_CLUTCH_KITS,0.06242336417344778,18588.0,0.09878971438994322
28,SPICES,0.06242336417344778,12750.0,0.0677624735566912
28,ENGINE_CRANKSHAFT_POSITION_SENSORS,0.06242336417344778,13594.0,0.07224808357095375
27,CLUTCH_BEARINGS,0.06019395831011035,21087.0,0.1120711592070547
27,AUTOMOTIVE_BLOWER_HEATER_MOTORS,0.06019395831011035,9489.0,0.05043122443760336
27,POSTERS,0.06019395831011035,23408.0,0.12440658674627668
27,WOOD_PROTECTIVE_PAINTS,0.06019395831011035,4708.0,0.02502162552979625
27,INDUSTRIAL_DOUGH_KNEADERS,0.06019395831011035,5534.0,0.029411570875508164
27,KITCHEN_GRATERS,0.06019395831011035,8301.0,0.044117356313262246
27,BASKETBALL_JERSEYS,0.06019395831011035,16884.0,0.08973345910048426
27,CAR_LIGHT_BULBS,0.06019395831011035,20982.0,0.11151311530717606
27,AUTOMOTIVE_POWER_WINDOW_REGULATORS,0.06019395831011035,17984.0,0.09557963328968899
27,SHOE_RACKS,0.06019395831011035,12866.0,0.06837897919846188
27,EGR_VALVES,0.06019395831011035,18851.0,0.10018748149154398
27,WASTE_CONTAINERS,0.06019395831011035,1342.0,0.007132332510829772
27,LASER_PRINTER_DRUMS,0.06019395831011035,17602.0,0.09354941643489244
27,CARABINERS,0.06019395831011035,9212.0,0.04895905148268544
27,ELECTROLYTIC_CAPACITORS,0.06019395831011035,20205.0,0.10738359044807418
27,TRANSISTORS,0.06019395831011035,20741.0,0.1102322716893594
27,BICYCLE_BAGS,0.06019395831011035,16030.0,0.08519470204813803
27,ELECTRONIC_SWITCHES,0.06019395831011035,7651.0,0.04066279883782309
27,RICE,0.06019395831011035,9732.0,0.05172269746303677
27,TV_STORAGE_UNITS,0.06019395831011035,17491.0,0.0929594843121636
27,LAWN_MOWER_BLADES,0.06019395831011035,1697.0,0.00901905236280039
27,RADIO_BASE_STATIONS,0.06019395831011035,10385.0,0.05519319904990103
26,BABY_BODYSUITS,0.057964552446772934,20735.0,0.11020038346650918
26,BABY_BOUNCERS,0.057964552446772934,10784.0,0.057313765869439835
26,DEODORANTS,0.057964552446772934,14071.0,0.07478319728754525
26,MASCARAS,0.057964552446772934,12614.0,0.06703967383875316
26,DOG_CARRIERS_AND_CARRYING_BAGS,0.057964552446772934,16164.0,0.08590687235845934
26,PEDAL_EFFECTS,0.057964552446772934,18505.0,0.09834859397384868
26,PUNCHING_BAGS,0.057964552446772934,8946.0,0.04754534026965957
26,SCAFFOLDS,0.057964552446772934,2392.0,0.012712771509616106
26,FURNITURE_KNOBS,0.057964552446772934,12876.0,0.06843212623654556
26,HAND_AND_FOOT_CREAMS,0.057964552446772934,18208.0,0.09677012694276341
26,WHEELBARROWS,0.057964552446772934,2425.0,0.012888156735292249
26,SCHOOL_AND_OFFICE_PAPERS,0.057964552446772934,19659.0,0.10448176216870528
26,VIDEO_CAMERAS,0.057964552446772934,16648.0,0.08847918900170942
26,TABLET_KEYBOARDS,0.057964552446772934,9488.0,0.05042590973379499
26,PERFUMES,0.057964552446772934,23334.0,0.12401329866445746
26,ELECTRIC_GUITARS,0.057964552446772934,18250.0,0.09699334450271485
26,SYRINGES,0.057964552446772934,3602.0,0.019143563117741312
26,FANNY_PACKS,0.057964552446772934,16898.0,0.0898078649538014
26,CAR_AIR_FRESHENERS,0.057964552446772934,14040.0,0.07461844146948585
26,SNARE_DRUMS,0.057964552446772934,11587.0,0.06158147302755929
26,CASH_REGISTERS,0.057964552446772934,1405.0,0.007467158850756952
26,ICE_BUCKETS,0.057964552446772934,16244.0,0.08633204866312877
26,POUFS,0.057964552446772934,16736.0,0.0889468829368458
26,NOTEBOOKS_AND_WRITING_PADS,0.057964552446772934,17281.0,0.09184339651240632
26,WRENCHES,0.057964552446772934,33158.0,0.17622494887786408
26,BASEBALL_AND_SOFTBALL_BATS,0.057964552446772934,1930.0,0.010257378350150118
26,BLANK_DISCS,0.057964552446772934,17194.0,0.09138101728107831
26,HOME_THEATERS,0.057964552446772934,19887.0,0.10569351463701317
26,PARTY_MASKS,0.057964552446772934,18788.0,0.0998526551516168
26,CATS_AND_DOGS_TREATS,0.057964552446772934,10433.0,0.05544830483270269
26,KITCHEN_RANGE_HOODS,0.057964552446772934,23354.0,0.12411959274062481
26,AUTOMOTIVE_BATTERIES,0.057964552446772934,24106.0,0.12811625000451748
26,MOTORCYCLE_FENDERS,0.057964552446772934,26294.0,0.13974482193722654
26,EXERCISE_MATS,0.057964552446772934,11331.0,0.0602209088526171
26,TV_RECEIVERS_AND_DECODERS,0.057964552446772934,18251.0,0.09699865920652323
25,HOVERBOARDS,0.055735146583435514,13815.0,0.07342263311260305
25,VINYL_FLOORINGS,0.055735146583435514,7115.0,0.037814117596537876
25,BICYCLE_HANDLEBARS,0.055735146583435514,15863.0,0.0843071465121406
25,ANTIVIRUS_AND_INTERNET_SECURITY,0.055735146583435514,7637.0,0.040588392984505936
25,POOL_PUMPS,0.055735146583435514,10818.0,0.057494465798924345
25,APERITIFS,0.055735146583435514,4614.0,0.024522043371809663
25,CAR_AC_DASHBOARD_VENTS,0.055735146583435514,7601.0,0.04039706364740469
25,CAR_AC_HOSE_ASSEMBLIES,0.055735146583435514,16299.0,0.08662435737258901
25,DISPOSABLE_PARTY_KITS,0.055735146583435514,6373.0,0.03387060737072887
25,LAPTOP_HOUSINGS,0.055735146583435514,17013.0,0.09041905589176372
25,MASSAGE_SOFAS,0.055735146583435514,933.0,0.004958618653207286
25,CAR_DOOR_HINGES,0.055735146583435514,17972.0,0.09551585684398857
25,CHESTS,0.055735146583435514,9667.0,0.05137724171549285
25,BEACH_PADDLES,0.055735146583435514,4416.0,0.02346973201775281
25,REFLECTIVE_VESTS,0.055735146583435514,2229.0,0.011846474788852132
25,ELECTRIC_SHOWER_HEADS,0.055735146583435514,9839.0,0.052291370770532135
25,TABLE_DRILLS,0.055735146583435514,6017.0,0.03197857281494988
25,CUPCAKE_STANDS,0.055735146583435514,2334.0,0.012404518688730767
25,MAGNIFYING_GLASSES,0.055735146583435514,11448.0,0.060842729198196145
25,AUTOMOTIVE_DEFLECTORS,0.055735146583435514,16573.0,0.08808058621608182
25,TUBE_BENDERS,0.055735146583435514,1305.0,0.006935688469920158
25,UMBRELLAS,0.055735146583435514,28991.0,0.15407857810839487
25,DESKTOP_COMPUTER_CASES,0.055735146583435514,25413.0,0.1350625678820544
25,FILING_CABINETS,0.055735146583435514,3307.0,0.01757572549427277
25,COOKIES,0.055735146583435514,38673.0,0.20553554038101324
25,FOOTBALL_CAPS,0.055735146583435514,17649.0,0.09379920751388572
24,SAFES,0.053505740720098095,13049.0,0.06935156999539321
24,SPARK_PLUG_WIRESETS,0.053505740720098095,17110.0,0.0909345821611754
24,DRIED_FRUITS,0.053505740720098095,21317.0,0.11329354108297932
24,VOLLEYBALL_BALLS,0.053505740720098095,7892.0,0.04194364245563976
24,LASER_MEASURES,0.053505740720098095,9025.0,0.047965201870520634
24,CHISELS,0.053505740720098095,10823.0,0.057521039317966184
24,ELECTRIC_BLOWERS,0.053505740720098095,4692.0,0.02493659026886236
24,POTENTIOMETERS,0.053505740720098095,17543.0,0.09323584891019873
24,ELECTRICAL_TIMERS,0.053505740720098095,7484.0,0.03977524330182564
24,KITCHEN_KNIVES,0.053505740720098095,8006.0,0.04254951868979371
24,DOG_BEDS,0.053505740720098095,14831.0,0.07882237218190488
24,MANUAL_HAMMERS,0.053505740720098095,13779.0,0.07323130377550181
24,BABY_MONITORS,0.053505740720098095,11785.0,0.06263378438161614
24,MOTORCYCLE_LEVERS,0.053505740720098095,16747.0,0.08900534467873784
24,FOG_LIGHTS,0.053505740720098095,18197.0,0.09671166520087135
24,ELECTRIC_GRILLS,0.053505740720098095,13912.0,0.07393815938201474
24,TEA_KETTLES,0.053505740720098095,13076.0,0.06949506699821915
24,NIGHTSTANDS,0.053505740720098095,27198.0,0.14454931417999117
24,KITESURF_BOARDS,0.053505740720098095,1950.0,0.010363672426317479
24,DENTAL_CHAIRS,0.053505740720098095,2771.0,0.014727044252987554
24,ACOUSTIC_GUITARS,0.053505740720098095,17743.0,0.09429878967187232
24,PENCILS,0.053505740720098095,25304.0,0.13448326516694228
24,AUTOMOTIVE_SIDE_VIEW_MIRROR_GLASSES,0.053505740720098095,15439.0,0.08205371209739258
24,LONGBOARDS,0.053505740720098095,16093.0,0.08552952838806521
24,ELECTRONIC_ENTRANCE_INTERCOMS,0.053505740720098095,20553.0,0.10923310737338622
24,TOILETS,0.053505740720098095,10547.0,0.05605418106685663
24,TOOL_MILLS,0.053505740720098095,13297.0,0.07066961653986846
24,MOTORCYCLE_PANTS,0.053505740720098095,15394.0,0.08181455042601603
24,SURFACES_PROTECTIVE_PAINTS,0.053505740720098095,14144.0,0.0751711706655561
23,CHALKBOARDS_AND_WHITEBOARDS,0.051276334856760676,14736.0,0.07831747532010992
23,JUICERS,0.051276334856760676,8180.0,0.043474277152449725
23,CUTTING_BOARDS,0.051276334856760676,8748.0,0.04649302891560272
23,OFFICE_CHAIRS,0.051276334856760676,19343.0,0.10280231576526101
23,NAIL_POLISH,0.051276334856760676,18985.0,0.10089965180186529
23,AQUARIUM_FILTERS,0.051276334856760676,15749.0,0.08370127027798664
23,TANDEM_CHAIRS,0.051276334856760676,2361.0,0.0125480156915567
23,VEHICLE_TRACKERS,0.051276334856760676,13131.0,0.06978737570767939
23,AUDIO_AND_VIDEO_CONNECTORS,0.051276334856760676,16845.0,0.0895261856519579
23,LAPTOP_CHARGERS,0.051276334856760676,21026.0,0.11174696227474425
23,DISTRIBUTION_KITS,0.051276334856760676,16094.0,0.08553484309187358
23,TACTICAL_VESTS,0.051276334856760676,8693.0,0.04620072020614248
23,KNEE_BRACES_SUPPORTS,0.051276334856760676,9261.0,0.04921947196929547
23,COUNTERFEIT_MONEY_DETECTOR_MACHINE,0.051276334856760676,1779.0,0.00945485807508656
23,COOKIES_CUTTERS,0.051276334856760676,26072.0,0.13856495769176885
23,FLATWARE_ORGANIZERS,0.051276334856760676,5695.0,0.030267238188655402
23,SAFETY_GLOVES,0.051276334856760676,15663.0,0.08324420575046701
23,CLOTHING_PATCHES,0.051276334856760676,17971.0,0.0955105421401802
23,CAMERA_STRAPS,0.051276334856760676,7005.0,0.0372295001776174
23,BAR_CODE_SCANNERS,0.051276334856760676,14758.0,0.07843439880389402
23,CONSTRUCTION_PROFILES,0.051276334856760676,4489.0,0.02385770539576367
23,FOOD_SLICERS,0.051276334856760676,6467.0,0.03437018952871545
23,HARMONICAS,0.051276334856760676,14422.0,0.07664865832428239
23,GYM_GLOVES,0.051276334856760676,13450.0,0.07148276622254876
23,NAIL_ART_BRUSHES,0.051276334856760676,8770.0,0.04660995239938681
23,ELECTRICAL_OUTLETS,0.051276334856760676,11445.0,0.06082678508677104
23,DRYER_MACHINES,0.051276334856760676,9598.0,0.051010527152715465
23,WINDSHIELD_WASHER_FLUID_RESERVOIRS,0.051276334856760676,8274.0,0.04397385931043631
23,HAIR_STRAIGHTENERS,0.051276334856760676,28620.0,0.15210682299549036
23,FUTONS,0.051276334856760676,7083.0,0.0376440470746701
23,MOTORCYCLE_CARBURETORS,0.051276334856760676,19820.0,0.10533742948185251
22,ASPHALT_ROOFING_MEMBRANES,0.04904692899342325,4691.0,0.024931275565053996
22,SAFETY_HARNESSES,0.04904692899342325,2504.0,0.013308018336153315
22,MANNEQUINS,0.04904692899342325,9388.0,0.049894439352958196
22,ENGINE_COOLING_FAN_CLUTCHES,0.04904692899342325,7462.0,0.03965831981804155
22,TENNIS_BALLS,0.04904692899342325,9781.0,0.051983117949646794
22,KEY_RACKS,0.04904692899342325,18584.0,0.09876845557470974
22,PLANT_POTS_AND_PLANTERS,0.04904692899342325,21575.0,0.11466473466553825
22,WASTE_BASKETS,0.04904692899342325,13085.0,0.06954289933249445
22,MANGA,0.04904692899342325,22329.0,0.11867202133704767
22,ELBOW_SUPPORTS,0.04904692899342325,1301.0,0.0069144296546866865
22,AUTOMOTIVE_FRONT_BUMPERS,0.04904692899342325,18936.0,0.10063923131525526
22,HOUSE_FENCES,0.04904692899342325,10651.0,0.0566069102629269
22,DESKTOP_COMPUTERS,0.04904692899342325,20651.0,0.10975394834660628
22,AUTOMOTIVE_DOORS,0.04904692899342325,20061.0,0.10661827309966919
22,THERMAL_REFRIGERATORS_AND_BAGS,0.04904692899342325,22748.0,0.12089888223275384
22,TOILET_PAPER_HOLDERS,0.04904692899342325,15516.0,0.08246294429063691
22,PACKAGING_BOXES,0.04904692899342325,28017.0,0.1489020565990445
22,OVENS,0.04904692899342325,33400.0,0.17751110719948912
22,BICYCLE_WHEELS,0.04904692899342325,19703.0,0.10471560913627347
22,ORTHOTICS,0.04904692899342325,10686.0,0.05679292489621978
22,MUSIC_ALBUMS,0.04904692899342325,24793.0,0.13176745152086627
22,CYCLING_COMPUTERS,0.04904692899342325,15761.0,0.08376504672368706
22,ELECTRICITY_METERS,0.04904692899342325,11914.0,0.06331938117289561
21,COIN_PURSES,0.04681752313008583,5922.0,0.03147367595315492
21,WHISKEYS,0.04681752313008583,26319.0,0.13987768953243573
21,DIFFERENTIALS,0.04681752313008583,19849.0,0.10549155589229518
21,AUTOMOTIVE_OIL_FILTERS,0.04681752313008583,17472.0,0.0928585049398046
21,MEAT_GRINDERS,0.04681752313008583,6120.0,0.032525987307211776
21,SKI_AND_SNOWBOARD_GOGGLES,0.04681752313008583,3951.0,0.020998394746861722
21,BICYCLE_SEATS,0.04681752313008583,20318.0,0.10798415197841975
21,PAJAMAS,0.04681752313008583,19870.0,0.10560316467227092
21,PET_COLLARS,0.04681752313008583,21210.0,0.11272486777548395
21,BALLOONS,0.04681752313008583,19049.0,0.10123979284560083
21,SNOWBOARD_BINDINGS,0.04681752313008583,710.0,0.0037734397039412356
21,CUPCAKES_MAKERS,0.04681752313008583,957.0,0.005086171544608116
21,ROLLER_SKATES,0.04681752313008583,25612.0,0.13612019393991961
21,EMBROIDERY_DESIGNS,0.04681752313008583,10220.0,0.05431627292152032
21,SLEEPING_BAGS,0.04681752313008583,14928.0,0.07933789845131657
21,KITCHEN_CABINETS,0.04681752313008583,17943.0,0.0953617304335459
21,ORAL_IRRIGATORS,0.04681752313008583,4884.0,0.025957013400069007
21,DISPOSABLE_GLOVES,0.04681752313008583,16961.0,0.09014269129372858
21,INDOOR_CURTAINS_AND_BLINDS,0.04681752313008583,18829.0,0.1000705580077599
21,NAIL_STICKERS,0.04681752313008583,6590.0,0.03502389809714471
21,ELECTRIC_BATHROOM_FAUCETS,0.04681752313008583,3441.0,0.018287895804594074
21,LOAFERS_AND_OXFORDS,0.04681752313008583,18022.0,0.09578159203440696
21,CAR_ANTENNAS,0.04681752313008583,11846.0,0.06295798131392659
21,CHRISTMAS_TREES,0.04681752313008583,5179.0,0.027524851023537546
21,AUTOMOTIVE_MANUAL_TRANSMISSION_SHIFT_LEVERS,0.04681752313008583,11817.0,0.06280385490348392
21,GLOW_PLUG_CONTROLLERS,0.04681752313008583,13391.0,0.07116919869785505
21,VR_HEADSETS,0.04681752313008583,16827.0,0.08943052098340729
21,SPORT_AND_MEDICAL_BANDAGES,0.04681752313008583,9637.0,0.051217800601241814
21,AUTOMOTIVE_MIRROR_COVERS,0.04681752313008583,16670.0,0.08859611248549351
21,POWERED_RIDE_ON_TOYS,0.04681752313008583,18126.0,0.09633432123047724
21,PREFABRICATED_FIBERGLASS_POOLS,0.04681752313008583,4113.0,0.021859376763817325
21,CANDIES,0.04681752313008583,19832.0,0.10540120592755294
20,LADDERS,0.04458811726674841,18610.0,0.09890663787372732
20,LAMINATORS,0.04458811726674841,3093.0,0.01643837887928203
20,KITCHEN_THERMOMETERS,0.04458811726674841,2588.0,0.013754453456056222
20,CAMERA_CASES,0.04458811726674841,16623.0,0.08834632140650023
20,SOLDERING_STATIONS,0.04458811726674841,4609.0,0.024495469852767824
20,BINOCULARS,0.04458811726674841,15929.0,0.08465791696349287
20,DOORBELLS,0.04458811726674841,10856.0,0.05769642454364233
20,PENDRIVES,0.04458811726674841,16031.0,0.0852000167519464
20,GATE_GEAR_RACKS,0.04458811726674841,2616.0,0.013903265162690524
20,CAR_CENTER_CONSOLES,0.04458811726674841,9666.0,0.051371927011684484
20,CAMERA_PHOTOMETERS,0.04458811726674841,862.0,0.004581274682813162
20,LAPTOP_LCD_SCREENS,0.04458811726674841,18189.0,0.09666914757040442
20,WARDROBES,0.04458811726674841,18567.0,0.0986781056099675
20,MIRROR_BALLS,0.04458811726674841,3458.0,0.01837824576933633
20,VEHICLE_LED_BULBS,0.04458811726674841,18693.0,0.09934775828982186
20,MOVIES,0.04458811726674841,24538.0,0.13041220204973245
20,SODS,0.04458811726674841,2195.0,0.011665774859367622
20,UNIVERSAL_CAR_REMOTES,0.04458811726674841,14598.0,0.07758404619455515
20,DESIGN_AND_MULTIMEDIA_SOFTWARE,0.04458811726674841,18324.0,0.09738663258453409
20,TREADMILLS,0.04458811726674841,15821.0,0.08408392895218914
20,KIDS_PLAYHOUSES,0.04458811726674841,5819.0,0.03092626146089303
20,BABY_GYMS,0.04458811726674841,8648.0,0.045961558534765926
20,GAZEBOS,0.04458811726674841,10154.0,0.053965502470168035
20,PENNANTS,0.04458811726674841,14307.0,0.07603746738632008
20,GARDEN_SHEDS,0.04458811726674841,4798.0,0.025499948872549364
20,BRAKE_MASTER_CYLINDERS,0.04458811726674841,27721.0,0.1473289042717676
20,GINS,0.04458811726674841,5047.0,0.02682331012083298
20,WELDING_BLOWTORCHES,0.04458811726674841,5225.0,0.02776932739872247
20,PUZZLES,0.04458811726674841,16433.0,0.08733652768291031
20,ENGINE_OIL_PRESSURE_SENSORS,0.04458811726674841,15094.0,0.08022013928350565
20,BABY_JUMPERS,0.04458811726674841,2530.0,0.013446200635170881
20,VIDEO_CASSETTES,0.04458811726674841,8760.0,0.04655680536130313
20,SEX_TOY_KITS,0.04458811726674841,5667.0,0.0301184264820211
20,ELECTRIC_FOOD_STEAMERS,0.04458811726674841,3842.0,0.020419092031749617
20,DIVING_MASKS,0.04458811726674841,6569.0,0.03491228931716898
20,SANDWICH_MAKERS,0.04458811726674841,12412.0,0.06596610366946284
20,INFLATABLE_SOFAS,0.04458811726674841,3017.0,0.01603446138984607
19,LASER_POINTERS,0.04235871140341099,3668.0,0.019494333569093594
19,VARIABLE_FREQUENCY_DRIVES,0.04235871140341099,7458.0,0.039637061002808074
19,OIL_DIFFUSERS,0.04235871140341099,12933.0,0.06873506435362253
19,TROLLEY_AND_FURNITURE_CASTERS,0.04235871140341099,12690.0,0.06744359132818913
19,MOTORCYCLE_TIRES,0.04235871140341099,16939.0,0.09002576780994449
19,MOTORCYCLE_TRANSMISSION_CROWNS,0.04235871140341099,19083.0,0.10142049277508534
19,CHIP_AND_DIP_SERVERS,0.04235871140341099,10028.0,0.053295849790313675
19,LUGGAGE_TAGS,0.04235871140341099,1530.0,0.008131496826802944
19,MAGNETIC_WELDING_HOLDERS,0.04235871140341099,3004.0,0.015965370240337284
19,WHEELS_BEARINGS,0.04235871140341099,26187.0,0.13917614862973118
19,BRAKE_LIGHTS,0.04235871140341099,10113.0,0.05374759961402495
19,HEARING_AIDS,0.04235871140341099,3218.0,0.017102716855328024
19,HEARING_PROTECTORS,0.04235871140341099,5695.0,0.030267238188655402
19,WALL_ANCHOR_PLUGS,0.04235871140341099,13286.0,0.07061115479797642
19,BOXING_HEADGEARS,0.04235871140341099,1644.0,0.008737373060956889
19,TOWEL_HOLDERS,0.04235871140341099,19098.0,0.10150021333221086
19,POOL_PAINTS,0.04235871140341099,1252.0,0.006654009168076657
19,PROJECTOR_MOUNTS,0.04235871140341099,3705.0,0.01969097761000321
19,POOL_CLEANERS,0.04235871140341099,3555.0,0.01889377203874802
19,PONCHOS,0.04235871140341099,8013.0,0.04258672161645228
19,GEL_NAIL_KITS,0.04235871140341099,15397.0,0.08183049453744114
19,DEEP_FRYERS,0.04235871140341099,18983.0,0.10088902239424856
19,FOOD_STORAGE_CONTAINERS,0.04235871140341099,19789.0,0.10517267366379311
19,SOLDERING_MACHINES,0.04235871140341099,23228.0,0.12344994006077045
19,WHEELCHAIRS,0.04235871140341099,7687.0,0.040854128174924335
19,PENIS_RINGS,0.04235871140341099,12626.0,0.06710345028445358
19,TOOTHPASTES,0.04235871140341099,14629.0,0.07774880201261455
19,VIDEOCASSETTE_PLAYERS,0.04235871140341099,7220.0,0.03837216149641651
19,BEER_FAUCETS,0.04235871140341099,2643.0,0.014046762165516459
19,PAPER_CLIPS,0.04235871140341099,3537.0,0.018798107370197395
19,TOOTHBRUSHES,0.04235871140341099,15718.0,0.08353651445992724
19,CUSHION_COVERS,0.04235871140341099,9608.0,0.051063674190799144
19,AIRBRUSHES,0.04235871140341099,10414.0,0.055347325460343696
19,ELECTRIC_SAWS,0.04235871140341099,18827.0,0.10005992860014316
19,PORTABLE_DVD_PLAYERS,0.04235871140341099,5732.0,0.030463882229565017
18,SWAY_BARS,0.04012930554007357,14127.0,0.07508082070081386
18,MOTORCYCLE_SPEEDOMETERS,0.04012930554007357,16405.0,0.08718771597627602
18,CIRCUIT_BREAKERS,0.04012930554007357,17295.0,0.09191780236572347
18,SCREEN_PRINTING_KITS,0.04012930554007357,962.0,0.005112745063649956
18,GATE_MOTORS,0.04012930554007357,16609.0,0.08827191555318308
18,CONCRETE_BLOCKS,0.04012930554007357,1551.0,0.008243105606778671
18,MOUSE_PADS,0.04012930554007357,17035.0,0.09053597937554782
18,BABY_WALKERS,0.04012930554007357,16908.0,0.08986101199188508
18,COLD_ROOMS,0.04012930554007357,3781.0,0.02009489509943917
18,MOTORCYCLE_HANDLEBAR_YOKES,0.04012930554007357,9658.0,0.051329409381217536
18,STABILIZERS_AND_UPS,0.04012930554007357,27197.0,0.1445439994761828
18,TV_REPLACEMENT_BACKLIGHT_LED_STRIPS,0.04012930554007357,14199.0,0.07546347937501634
18,STARTERS,0.04012930554007357,19597.0,0.10415225053258646
18,FISHING_VESTS,0.04012930554007357,3752.0,0.0199407686889965
18,STORE_SHOPPING_CARTS,0.04012930554007357,562.0,0.002986863540302781
18,CRUTCHES,0.04012930554007357,2871.0,0.015258514633824348
18,MANUAL_HOISTS,0.04012930554007357,2802.0,0.01489180007104696
18,BABY_DIAPERS,0.04012930554007357,26331.0,0.13994146597813617
18,DECORATIVE_BOXES,0.04012930554007357,27654.0,0.14697281911660695
18,MAKEUP_TRAIN_CASES,0.04012930554007357,13976.0,0.07427830042575029
18,CNC_LATHES,0.04012930554007357,3224.0,0.01713460507817823
18,AUTOMOTIVE_WHEEL_COVERS,0.04012930554007357,18952.0,0.10072426657618914
18,INJECTION_PUMPS,0.04012930554007357,12316.0,0.06545589210385952
18,KIDS_WALKIE_TALKIES,0.04012930554007357,2800.0,0.014881170663430225
18,NAIL_FILES,0.04012930554007357,11452.0,0.06086398801342962
18,RECEPTION_DESKS,0.04012930554007357,11642.0,0.061873781737019524
18,HAND_TRUCKS,0.04012930554007357,6377.0,0.033891866185962335
18,PLUNGE_ROUTERS,0.04012930554007357,7343.0,0.039025870064845765
18,MALE_MASTURBATORS,0.04012930554007357,17294.0,0.09191248766191511
18,TOOTHBRUSH_HOLDERS,0.04012930554007357,8833.0,0.04694477873931399
18,ELECTRIC_AIR_PUMPS,0.04012930554007357,3989.0,0.021200353491579702
18,AIRSOFT_GUNS,0.04012930554007357,16533.0,0.08786799806374711
18,SANDBLASTERS,0.04012930554007357,696.0,0.003699033850624084
18,DISHWASHERS,0.04012930554007357,7891.0,0.04193832775183139
18,BABY_BOTTLES,0.04012930554007357,11124.0,0.05912076516428494
17,STYLUSES,0.03789989967673615,10643.0,0.05656439263245996
17,SAFETY_GOGGLES,0.03789989967673615,6937.0,0.03686810031864838
17,TENTS,0.03789989967673615,29225.0,0.15532221879955296
17,BEDLINERS,0.03789989967673615,6304.0,0.03350389280795148
17,STYLING_CHAIRS,0.03789989967673615,6363.0,0.03381746033264518
17,BELTS,0.03789989967673615,54457.0,0.28942282529229274
17,CAMERA_AND_CELLPHONE_STABILIZERS,0.03789989967673615,13160.0,0.06994150211812206
17,CACAO,0.03789989967673615,3831.0,0.02036063028985757
17,PLAYGROUND_SLIDES,0.03789989967673615,5672.0,0.03014500000106294
17,MOTORCYCLE_SIDE_CASES,0.03789989967673615,796.0,0.004230504231460878
17,ROOF_RACKS,0.03789989967673615,16144.0,0.08580057828229198
17,ROOSTERS_AND_HENS,0.03789989967673615,3985.0,0.02117909467634623
17,RUBBER_FLOORS,0.03789989967673615,4646.0,0.024692113893677436
17,BILL_COUNTERS,0.03789989967673615,2866.0,0.015231941114782509
17,MONEY_BOXES,0.03789989967673615,9153.0,0.04864548395799173
17,3D_PRINTERS,0.03789989967673615,5891.0,0.03130892013509552
17,CLUTCH_SLAVE_CYLINDERS,0.03789989967673615,24120.0,0.12819065585783465
17,UNIVERSAL_REMOTE_CONTROLS,0.03789989967673615,8480.0,0.04506868829496011
17,DISHES_PLATES,0.03789989967673615,19734.0,0.10488036495433288
17,ELECTRIC_LAWN_MOWERS,0.03789989967673615,4288.0,0.022789449930281716
17,HOOKAHS,0.03789989967673615,6836.0,0.03633131523400322
17,3D_PRINTER_FILAMENTS,0.03789989967673615,4747.0,0.0252288989783226
17,DOOR_AND_WINDOW_LOCKS,0.03789989967673615,19114.0,0.10158524859314476
17,MANICURE_AND_PEDICURE_DRILLS,0.03789989967673615,4791.0,0.025462745945890788
17,KIDS_TRICYCLES,0.03789989967673615,17915.0,0.0952129187269116
17,MEGAPHONES,0.03789989967673615,4801.0,0.025515892983974466
17,COMPRESSION_SLEEVES,0.03789989967673615,8658.0,0.046014705572849604
17,FETAL_DOPPLERS,0.03789989967673615,1025.0,0.005447571403577136
17,EROTIC_MAGAZINES,0.03789989967673615,16380.0,0.08705484838106681
17,CLUTCH_FORKS,0.03789989967673615,15627.0,0.08305287641336576
16,INTERACTIVE_GAMING_FIGURES,0.03567049381339873,11857.0,0.06301644305581863
16,POWER_STRIPS,0.03567049381339873,16675.0,0.08862268600453535
16,ALTERNATOR_PULLEYS,0.03567049381339873,19028.0,0.10112818406562511
16,SAFETY_FOOTWEAR,0.03567049381339873,18255.0,0.09701991802175669
16,HEADBOARDS,0.03567049381339873,18149.0,0.0964565594180697
16,IP_TELEPHONES,0.03567049381339873,6749.0,0.03586893600267521
16,AUTOMOTIVE_CV_JOINT_BOOTS,0.03567049381339873,23086.0,0.1226952521199822
16,URINALS,0.03567049381339873,652.0,0.003465186883055895
16,AUTOMOTIVE_AIR_FILTERS,0.03567049381339873,20784.0,0.1104608039531192
16,POWER_GRINDERS,0.03567049381339873,24130.0,0.12824380289591833
16,BEERS,0.03567049381339873,27596.0,0.1466645662957216
16,MAP_SENSORS,0.03567049381339873,12040.0,0.06398903385274997
16,NOTEBOOK_CASES,0.03567049381339873,21955.0,0.11668432211271806
16,FLOUR,0.03567049381339873,11127.0,0.05913670927571004
16,CRANKSHAFTS,0.03567049381339873,23571.0,0.12527288346704066
16,KATANA_SWORDS,0.03567049381339873,3460.0,0.018388875176953062
16,BABY_STERILIZERS,0.03567049381339873,3890.0,0.020674197814551275
16,TOBACCO_PIPES,0.03567049381339873,10567.0,0.056160475143024
16,PAINT_ROLLERS,0.03567049381339873,7427.0,0.039472305184748674
16,MOTORCYCLE_GRAB_BARS,0.03567049381339873,13095.0,0.06959604637057815
16,SOCKS,0.03567049381339873,16920.0,0.0899247884375855
16,PAINTBALL_MARKERS,0.03567049381339873,5508.0,0.0292733885764906
16,MOTORCYCLE_HEADLIGHTS,0.03567049381339873,19927.0,0.1059061027893479
16,BICYCLE_AND_MOTORCYCLE_ALARMS,0.03567049381339873,7879.0,0.04187455130613098
16,SHAPER_AND_MILLING_MACHINES,0.03567049381339873,3308.0,0.017581040198081137
16,DECORATIVE_PAINTINGS,0.03567049381339873,22253.0,0.11826810384761172
16,ELECTRIC_HAND_PLANERS,0.03567049381339873,6187.0,0.03288207246237243
16,AXES,0.03567049381339873,5885.0,0.03127703191224531
16,GOLF_CLUBS_WOODS_AND_HYBRIDS,0.03567049381339873,5569.0,0.029597585508801042
15,CUT_OFF_AND_GRINDING_WHEELS,0.03344108795006131,20473.0,0.10880793106871678
15,HAND_FILES,0.03344108795006131,11467.0,0.06094370857055514
15,JUMP_ROPES,0.03344108795006131,8473.0,0.04503148536830153
15,TONFAS,0.03344108795006131,624.0,0.003316375176421593
15,CAR_HOODS,0.03344108795006131,17912.0,0.0951969746154865
15,PILATES_BALLS,0.03344108795006131,9034.0,0.04801303420479595
15,PADLOCKS,0.03344108795006131,18769.0,0.09975167577925782
15,CAR_TURN_SIGNAL_LIGHTS,0.03344108795006131,17530.0,0.09316675776068994
15,FOOTBALL_GOALKEEPER_GLOVES,0.03344108795006131,16502.0,0.08770324224568771
15,DRONE_BATTERIES,0.03344108795006131,5166.0,0.027455759874028766
15,STEEL_SCRAPERS,0.03344108795006131,7287.0,0.03872824665157716
15,EROTIC_ANAL_AND_VAGINAL_DOUCHES,0.03344108795006131,995.0,0.005288130289326098
15,BAR_CLAMPS,0.03344108795006131,11396.0,0.060566364600161016
15,ENGINE_INTAKE_MANIFOLDS,0.03344108795006131,12688.0,0.0674329619205724
15,PUZZLE_CUBES,0.03344108795006131,18331.0,0.09742383551119266
15,SANDPAPERS,0.03344108795006131,12785.0,0.06794848818998409
15,SHOWER_CURTAINS,0.03344108795006131,10873.0,0.057786774508384584
15,AFTERSHAVES,0.03344108795006131,6255.0,0.03324347232134145
15,CABIN_FILTERS,0.03344108795006131,14376.0,0.07640418194909747
15,LINEMAN_PLIERS,0.03344108795006131,7662.0,0.04072126057971514
15,VACUUM_PUMPS,0.03344108795006131,8255.0,0.04387287993807732
15,SCOOTERS,0.03344108795006131,22535.0,0.11976685032157147
15,WETSUITS,0.03344108795006131,9380.0,0.049851921722491255
15,GRAPHICS_TABLETS,0.03344108795006131,10791.0,0.05735096879609841
15,GYM_BARS,0.03344108795006131,7330.0,0.038956778915336984
15,ORTHOPEDIC_ANKLE_BRACES,0.03344108795006131,4557.0,0.02421910525473269
15,LAUNDRY_BASKETS,0.03344108795006131,5209.0,0.027684292137788585
15,RACKS_AND_PINIONS,0.03344108795006131,17840.0,0.094814315941284
15,EDIBLE_SEEDS,0.03344108795006131,11639.0,0.06185783762559442
15,PARTY_DECORATIVE_BACKDROPS,0.03344108795006131,6867.0,0.03649607105206262
15,COMPLETE_SKATEBOARDS,0.03344108795006131,24356.0,0.12944492595660947
15,MEDICINE_BALLS,0.03344108795006131,2970.0,0.015784670310852775
15,CHOCOLATE_WATERFALLS,0.03344108795006131,1049.0,0.005575124294977966
15,CRIB_BEDDING_SETS,0.03344108795006131,14491.0,0.07701537288705979
15,COMPUTER_AND_TV_FLEX_CABLES,0.03344108795006131,14337.0,0.07619690850057112
15,FUEL_INJECTORS,0.03344108795006131,18723.0,0.09950719940407289
14,AUTOMOTIVE_FENDERS,0.03121168208672389,19137.0,0.10170748678073721
14,TACTICAL_AND_SPORTING_KNIVES_AND_BLADES,0.03121168208672389,16262.0,0.0864277133316794
14,COMPRESSED_AIR_DUSTERS,0.03121168208672389,824.0,0.0043793159380951805
14,ENGINE_COOLING_FAN_SWITCHES,0.03121168208672389,9700.0,0.051552626941168994
14,LIQUORS,0.03121168208672389,13207.0,0.07019129319711535
14,RADIO_FREQUENCY_MACHINES,0.03121168208672389,4771.0,0.02535645186972343
14,CANOES,0.03121168208672389,472.0,0.0025085401975496664
14,REAR_WHEEL_HUBS_BEARING_ASSEMBLY,0.03121168208672389,14250.0,0.07573452926924311
14,KID_SKATEBOARDS,0.03121168208672389,2350.0,0.012489553949664653
14,CORSETS,0.03121168208672389,10923.0,0.05805250969880298
14,AUTOMOTIVE_SPRING_SUSPENSIONS,0.03121168208672389,19250.0,0.1023080483110828
14,TOY_VANITIES,0.03121168208672389,2280.0,0.012117524683078897
14,HOLE_PUNCHES,0.03121168208672389,15607.0,0.0829465823371984
14,CAR_AC_CONDENSERS,0.03121168208672389,26359.0,0.14009027768477045
14,MOTORCYCLE_HELMETS,0.03121168208672389,17265.0,0.09175836125147244
14,COOKING_OILS,0.03121168208672389,16985.0,0.09027024418512941
14,CAR_AC_EXPANSION_VALVES,0.03121168208672389,8950.0,0.04756659908489304
14,SUNSCREENS,0.03121168208672389,13218.0,0.0702497549390074
14,JEWELRY_DISPLAYS,0.03121168208672389,10187.0,0.05414088769584418
14,AIR_CONDITIONERS,0.03121168208672389,17944.0,0.09536704513735426
14,BOMBOS,0.03121168208672389,2995.0,0.01591753790606197
14,SPHYGMOMANOMETERS,0.03121168208672389,2913.0,0.0154817321937758
14,SKIN_REPELLENTS,0.03121168208672389,1023.0,0.0054369419959604
14,BEER_KEGS,0.03121168208672389,1676.0,0.008907443582824663
14,HOME_BOTTLE_STANDS,0.03121168208672389,4067.0,0.0216149003886324
14,HAMMOCKS,0.03121168208672389,8552.0,0.0454513469691626
14,PAINTBALL_O_RINGS,0.03121168208672389,1485.0,0.007892335155426387
14,CHAMPAGNES,0.03121168208672389,16332.0,0.08679974259826516
14,FRANKLIN_STOVES,0.03121168208672389,7158.0,0.0380426498602977
14,MOTORCYCLE_HANDLEBARS,0.03121168208672389,13447.0,0.07146682211112365
14,RICE_COOKERS,0.03121168208672389,7595.0,0.040365175424554485
14,POPCORN_MACHINES,0.03121168208672389,4881.0,0.0259410692886439
14,HAIR_STRAIGHTENING_BRUSHES,0.03121168208672389,11661.0,0.061974761109378516
14,OXIMETERS,0.03121168208672389,3009.0,0.015991943759379124
14,LAPTOP_BATTERIES,0.03121168208672389,21924.0,0.11651956629465866
14,CEREAL_BARS,0.03121168208672389,6176.0,0.03282361072048038
14,WATER_TANKS,0.03121168208672389,8675.0,0.04610505553759186
14,METAL_DETECTORS,0.03121168208672389,4243.0,0.02255028825890516
14,COIL_BINDING_MACHINES,0.03121168208672389,1582.0,0.008407861424838077
14,LENS_HOODS,0.03121168208672389,7151.0,0.03800544693363912
14,CAT_SCRATCHERS,0.03121168208672389,8504.0,0.04519624118636094
14,CACHACAS,0.03121168208672389,11376.0,0.06046007052399366
14,EROTIC_PUMPS,0.03121168208672389,10384.0,0.05518788434609266
14,LASER_LEVELS,0.03121168208672389,7743.0,0.04115175158819294
13,TABLE_TENNIS_TABLES,0.028982276223386467,1818.0,0.00966213152361291
13,BUCKETS_AND_BASINS,0.028982276223386467,5922.0,0.03147367595315492
13,MOTORCYCLE_GLOVES,0.028982276223386467,25229.0,0.1340846623813147
13,BEAUTY_WIGS,0.028982276223386467,13174.0,0.07001590797143921
13,BASKET_BALLS,0.028982276223386467,7565.0,0.04020573431030345
13,TABLE_TENNIS_RACKETS,0.028982276223386467,10055.0,0.05343934679313961
13,LUMBAR_AND_ABDOMINAL_BRACES,0.028982276223386467,7512.0,0.03992405500845995
13,HOME_APPLIANCE_CONTACTORS_AND_RELAYS,0.028982276223386467,12039.0,0.0639837191489416
13,BODYBOARDS,0.028982276223386467,3227.0,0.017150549189603334
13,TELESCOPES,0.028982276223386467,8369.0,0.044478756172231265
13,MEMORY_CARD_READERS,0.028982276223386467,12847.0,0.06827799982610289
13,AIRBAG_MODULES,0.028982276223386467,15631.0,0.08307413522859923
13,HOOD_HINGES,0.028982276223386467,17099.0,0.09087612041928336
13,WINDOWS,0.028982276223386467,19455.0,0.10339756259179822
13,AUTOMOTIVE_BUMPER_GRILLES,0.028982276223386467,19548.0,0.10389183004597644
13,SPORTS_CONES,0.028982276223386467,3890.0,0.020674197814551275
13,TURNTABLE_NEEDLES,0.028982276223386467,7163.0,0.03806922337933954
13,AUTOMOTIVE_TRUNK_LIDS,0.028982276223386467,19248.0,0.10229741890346605
13,METAL_NAILS,0.028982276223386467,7061.0,0.037527123590886
13,PADDLE_TENNIS_RACKETS,0.028982276223386467,15656.0,0.08320700282380843
13,MOTORCYCLE_CASES,0.028982276223386467,17691.0,0.09402242507383718
13,GARDEN_SOIL,0.028982276223386467,4860.0,0.025829460508668176
13,CAR_WINDOW_SWITCHES,0.028982276223386467,13940.0,0.07408697108864905
13,VIBRATION_PLATFORMS,0.028982276223386467,2381.0,0.012654309767724059
13,CYCLING_HELMETS,0.028982276223386467,15532.0,0.0825479795515708
13,NEBULIZERS,0.028982276223386467,11493.0,0.061081890869572705
13,PERGOLAS,0.028982276223386467,1964.0,0.01043807827963463
13,AUTOMOTIVE_AC_COMPRESSORS,0.028982276223386467,17842.0,0.09482494534890074
13,BABY_CHANGING_PADS,0.028982276223386467,3301.0,0.01754383727142256
13,VEHICLE_CV_AXLES,0.028982276223386467,13502.0,0.0717591308205839
13,STEERING_COLUMNS,0.028982276223386467,15251.0,0.0810545477814194
13,MICROWAVE_KEYPADS,0.028982276223386467,4710.0,0.025032254937412984
13,TOILET_SEATS,0.028982276223386467,21621.0,0.11490921104072317
13,ALTERNATORS,0.028982276223386467,18767.0,0.09974104637164108
13,BIRD_TOYS,0.028982276223386467,5166.0,0.027455759874028766
13,AUTOMOTIVE_SUSPENSION_CONTROL_ARMS,0.028982276223386467,17077.0,0.09075919693549926
12,READY_TO_DRINK_COCKTAILS,0.026752870360049048,2993.0,0.015906908498445237
12,SECURITY_SEALS,0.026752870360049048,8565.0,0.04552043811867138
12,GUITAR_PICKS,0.026752870360049048,12798.0,0.06801757933949286
12,BUMPER_IMPACT_ABSORBERS,0.026752870360049048,13096.0,0.06960136107438651
12,SHIN_GUARDS,0.026752870360049048,4941.0,0.02625995151714598
12,VOLTAGE_DETECTORS,0.026752870360049048,2964.0,0.015752782088002567
12,MEDICAL_WALKERS,0.026752870360049048,3613.0,0.01920202485963336
12,PROJECTOR_SCREENS,0.026752870360049048,14420.0,0.07663802891666566
12,GAS_BOILERS,0.026752870360049048,4428.0,0.023533508463453225
12,MEAT_HOOKS,0.026752870360049048,731.0,0.0038850484839169624
12,INSTANT_COFFEE,0.026752870360049048,8891.0,0.04725303156019933
12,HUMIDORS,0.026752870360049048,5967.0,0.03171283762453148
12,FINGERPRINT_READERS,0.026752870360049048,2204.0,0.011713607193642934
12,ORTHOPEDIC_WRIST_BRACES,0.026752870360049048,3562.0,0.01893097496540659
12,VEHICLE_BRAKE_DISCS,0.026752870360049048,18418.0,0.09788621474252067
12,MONOCULARS,0.026752870360049048,3580.0,0.019026639633957215
12,CHARCOAL_GRILLS,0.026752870360049048,19169.0,0.10187755730260499
12,PIANOS,0.026752870360049048,6233.0,0.033126548837557356
12,PAINT_TONERS,0.026752870360049048,1038.0,0.005516662553085919
12,INDUSTRIAL_AND_COMMERCIAL_BAG_SEALERS,0.026752870360049048,7824.0,0.04158224259667074
12,DOG_LEASHES,0.026752870360049048,18891.0,0.10040006964387871
11,SUBMERSIBLE_PUMPS,0.024523464496711625,12193.0,0.06480218353543026
11,MOTORCYCLE_SUITS,0.024523464496711625,14020.0,0.07451214739331848
11,RESISTANCE_BANDS,0.024523464496711625,16095.0,0.08554015779568196
11,VEHICLE_BRAKE_HYDRAULIC_HOSES,0.024523464496711625,16179.0,0.08598659291558486
11,KITCHEN_TONGS,0.024523464496711625,5352.0,0.0284442947823852
11,HARD_DRIVE_AND_SSD_ADAPTER_CABLES,0.024523464496711625,466.0,0.002476651974699459
11,ESPADRILLES,0.024523464496711625,14688.0,0.07806236953730826
11,AUTOMOTIVE_SHOCK_ABSORBER_BUMP_STOPS,0.024523464496711625,5885.0,0.03127703191224531
11,SWIMMING_EARPLUGS,0.024523464496711625,1602.0,0.008514155501005436
11,NECK_GAITERS_MASKS_AND_BALACLAVAS,0.024523464496711625,9842.0,0.05230731488195724
11,HAND_FANS,0.024523464496711625,2670.0,0.014190259168342392
11,RIVET_GUNS,0.024523464496711625,5036.0,0.02676484837894093
11,EASELS,0.024523464496711625,1836.0,0.009757796192163532
11,ROLL_BARS,0.024523464496711625,13172.0,0.07000527856382247
11,MOTORCYCLE_CHEST_PROTECTORS,0.024523464496711625,10280.0,0.054635155150022395
11,BABIES_FORMULA,0.024523464496711625,19485.0,0.10355700370604926
11,STORAGE_WATER_HEATERS,0.024523464496711625,11196.0,0.059503423838487425
11,ARCHERY_BOWS,0.024523464496711625,5330.0,0.028327371298601106
11,CAR_FRONT_MASKS,0.024523464496711625,6108.0,0.03246221086151136
11,PENIS_SLEEVES,0.024523464496711625,9898.0,0.05260493829522584
11,ACOUSTIC_PANELS,0.024523464496711625,6753.0,0.03589019481790868
11,CONTINUOUS_INK_SYSTEMS,0.024523464496711625,9281.0,0.04932576604546283
11,MARTIAL_ARTS_AND_BOXING_GLOVES,0.024523464496711625,14915.0,0.07926880730180778
11,AUTOMOTIVE_CLUTCH_DISCS,0.024523464496711625,18631.0,0.09901824665370304
11,SCISSORS,0.024523464496711625,29069.0,0.15449312500544757
11,TV_REMOTE_CONTROLS,0.024523464496711625,20445.0,0.10865911936208247
11,TABLE_TENNIS_BALLS,0.024523464496711625,2050.0,0.010895142807154272
11,TENNIS_BAGS,0.024523464496711625,8372.0,0.044494700283656374
11,DRUM_PEDALS,0.024523464496711625,8397.0,0.04462756787886557
11,CAR_ENGINE_CAMSHAFT_SENSORS,0.024523464496711625,17243.0,0.09164143776768835
10,GARDENING_AND_AGRICULTURE_SEEDS,0.022294058633374206,16763.0,0.08909037993967174
10,CALIPERS,0.022294058633374206,12303.0,0.06538680095435073
10,ENGINE_CONNECTING_RODS,0.022294058633374206,22756.0,0.12094139986322078
10,STOVETOP_POPCORN_POPPERS,0.022294058633374206,2803.0,0.014897114774855329
10,BONGOS,0.022294058633374206,5172.0,0.027487648096878974
10,SIDE_TABLES,0.022294058633374206,16615.0,0.08830380377603328
10,SWIMMING_NOSE_CLIPS,0.022294058633374206,836.0,0.004443092383795596
10,BRAKE_DRUMS,0.022294058633374206,21444.0,0.11396850846664205
10,BREAD_MAKERS,0.022294058633374206,5379.0,0.028587791785211134
10,FIRE_EXTINGUISHERS,0.022294058633374206,8418.0,0.0447391766588413
10,BASKETBALL_BACKBOARDS_AND_HOOPS,0.022294058633374206,3239.0,0.01721432563530375
10,MOTORCYCLE_OIL_PUMPS,0.022294058633374206,14543.0,0.07729173748509491
10,SLATWALL_PANELS,0.022294058633374206,2734.0,0.014530400212077941
10,CLOTHES_HANGERS,0.022294058633374206,22293.0,0.11848069199994643
10,MICROWAVES,0.022294058633374206,19556.0,0.10393434767644338
10,SOFA_AND_FUTON_COVERS,0.022294058633374206,14095.0,0.07491075017894608
10,XENON_KITS,0.022294058633374206,8352.0,0.04438840620748901
10,BINDING_SPINES,0.022294058633374206,2686.0,0.01427529442927628
10,FLASH_TRIGGERS,0.022294058633374206,3388.0,0.018006216502750572
10,SLATWALL_PANEL_SUPPORTS,0.022294058633374206,3826.0,0.020334056770815727
10,ENGINE_CONTROL_MODULES,0.022294058633374206,18886.0,0.10037349612483687
10,POWER_STEERING_HOSES,0.022294058633374206,16465.0,0.08750659820477809
10,DENTAL_FLOSSES,0.022294058633374206,2567.0,0.013642844676080495
10,FLEA_AND_TICK_TREATMENTS,0.022294058633374206,11239.0,0.05973195610224725
10,LENS_FILTERS,0.022294058633374206,25255.0,0.13422284468033227
10,HYDRAULIC_VEHICLE_JACKS,0.022294058633374206,17880.0,0.09502690409361872
10,KITCHEN_FURNITURE,0.022294058633374206,13062.0,0.069420661144902
10,AUTOMOBILE_FENDER_LINERS,0.022294058633374206,20014.0,0.10636848202067589
10,CYMBALS,0.022294058633374206,19428.0,0.1032540655889723
10,DRILL_BITS,0.022294058633374206,18901.0,0.10045321668196239
10,CAR_WHEELS,0.022294058633374206,19939.0,0.1059698792350483
10,CERAMIC_KILNS,0.022294058633374206,682.0,0.0036246279973069333
10,LUNCHBOXES,0.022294058633374206,18267.0,0.09708369446745711
10,DOG_NAIL_CLIPPERS,0.022294058633374206,3247.0,0.01725684326577069
10,ROOF_PANELS,0.022294058633374206,13590.0,0.07222682475572027
10,TAROT_CARDS,0.022294058633374206,4622.0,0.024564561002276608
10,BABY_PACIFIERS,0.022294058633374206,17909.0,0.09518103050406139
10,CAMERA_FLASHES,0.022294058633374206,18565.0,0.09866747620235075
10,CAR_EMERGENCY_KITS,0.022294058633374206,2018.0,0.010725072285286498
9,TILE_AND_CLADDING_ADHESIVE_MIXTURES,0.020064652770036787,475.0,0.0025244843089747703
9,POOL_LIGHTS,0.020064652770036787,13848.0,0.0735980183382792
9,DEVICE_PROGRAMMERS,0.020064652770036787,6513.0,0.034614665903900374
9,FOOD_PACKAGING_BOXES,0.020064652770036787,5404.0,0.028720659380420333
9,COMBUSTION_CHAINSAWS,0.020064652770036787,13853.0,0.07362459185732104
9,DESKTOP_COMPUTER_POWER_SUPPLIES,0.020064652770036787,18635.0,0.09903950546893651
9,AB_ROLLER_WHEELS,0.020064652770036787,4695.0,0.024952534380287467
9,INTERDENTAL_BRUSHES,0.020064652770036787,1030.0,0.005474144922618975
9,PARTY_PRINTABLE_KITS,0.020064652770036787,16234.0,0.08627890162504509
9,MOTORCYCLE_RAIN_SUITS,0.020064652770036787,17562.0,0.09333682828255771
9,SIM_CARDS,0.020064652770036787,6589.0,0.03501858339333634
9,COMPOSTERS,0.020064652770036787,803.0,0.004267707158119454
9,BICYCLE_FRAMES,0.020064652770036787,9730.0,0.05171206805542003
9,AUTOMOTIVE_STEERING_WHEELS,0.020064652770036787,15340.0,0.08152755642036416
9,SOAP_AND_DETERGENT_DISPENSERS,0.020064652770036787,5951.0,0.03162780236359759
9,PLANT_POT_STANDS,0.020064652770036787,5153.0,0.02738666872451998
9,ACCORDIONS,0.020064652770036787,11204.0,0.05954594146895437
9,DECORATIVE_PANELS,0.020064652770036787,8665.0,0.04605190849950818
9,WIRE_STRIPPERS,0.020064652770036787,3665.0,0.019478389457668492
9,MOTORCYCLE_CRASH_BARS,0.020064652770036787,19915.0,0.10584232634364747
9,GARDEN_HOSES,0.020064652770036787,19192.0,0.10199979549019746
9,DRYING_RACKS,0.020064652770036787,16601.0,0.08822939792271613
9,PORTABLE_GENERATORS,0.020064652770036787,27115.0,0.1441081937638966
9,CRASHED_CARS,0.020064652770036787,14266.0,0.07581956453017699
9,GAS_CYLINDERS,0.020064652770036787,3327.0,0.017682019570440126
9,HAIRDRESSING_CAPES,0.020064652770036787,4786.0,0.02543617242684895
9,ELECTRIC_DEMOLITION_HAMMERS,0.020064652770036787,3625.0,0.019265801305333775
9,AUTOMOTIVE_AIR_FILTER_BOXES,0.020064652770036787,4830.0,0.025670019394417137
9,HAIRDRESSING_SCISSORS,0.020064652770036787,18813.0,0.09998552274682601
9,LAPTOP_LOCKS,0.020064652770036787,2673.0,0.014206203279767496
9,TORQUE_WRENCHES,0.020064652770036787,5283.0,0.028077580219607812
9,FIDGET_SPINNERS,0.020064652770036787,22365.0,0.11886335067414892
9,TOY_GUITARS,0.020064652770036787,7287.0,0.03872824665157716
9,UKULELES,0.020064652770036787,22800.0,0.12117524683078897
9,STATIONARY_ENGINES,0.020064652770036787,5323.0,0.02829016837194253
9,YOGA_MATS,0.020064652770036787,5247.0,0.027886250882506566
9,CATS_AND_DOGS_FOODS,0.020064652770036787,17894.0,0.09510130994693587
9,CAR_SCREENS,0.020064652770036787,14485.0,0.07698348466420957
9,FAX_MACHINES,0.020064652770036787,3359.0,0.017852090092307902
8,NETWORK_SWITCHES,0.017835246906699364,16185.0,0.08601848113843506
8,KITCHEN_SINK_CADDY_ORGANIZERS,0.017835246906699364,4149.0,0.022050706100918572
8,LCD_DISPLAYS,0.017835246906699364,6772.0,0.03599117419026767
8,CASH_DRAWERS,0.017835246906699364,2644.0,0.014052076869324826
8,CELLPHONE_REPAIR_TOOL_KITS,0.017835246906699364,11864.0,0.0630536459824772
8,NON_SLIP_BATHTUB_APPLIQUES_AND_MATS,0.017835246906699364,1822.0,0.009683390338846382
8,STICKY_NOTES,0.017835246906699364,3180.0,0.01690075811061004
8,EROTIC_BALLS,0.017835246906699364,5056.0,0.026871142455108292
8,BRAKE_BOOSTERS,0.017835246906699364,15250.0,0.08104923307761104
8,TORSION_BARS,0.017835246906699364,14380.0,0.07642544076433094
8,SWIMMING_POOL_HEATERS,0.017835246906699364,2543.0,0.013515291784679665
8,NECKTIES,0.017835246906699364,13593.0,0.07224276886714537
8,AIR_CONDITIONER_REMOTE_CONTROLS,0.017835246906699364,19428.0,0.1032540655889723
8,ELECTRICAL_CABLES,0.017835246906699364,19172.0,0.1018935014140301
8,CAMPING_CHAIRS,0.017835246906699364,8247.0,0.04383036230761038
8,DRUM_BRAKE_SHOES,0.017835246906699364,13717.0,0.072901792139383
8,FALSE_CEILINGS,0.017835246906699364,2730.0,0.014509141396844468
8,MOTORCYCLE_TRANSMISSION_KITS,0.017835246906699364,20044.0,0.10652792313492694
8,UNDERWEAR_ORGANIZERS,0.017835246906699364,9248.0,0.04915038081978668
8,BIRD_DRINKERS_AND_FEEDERS,0.017835246906699364,6914.0,0.03674586213105592
8,AIRBAGS,0.017835246906699364,9485.0,0.050409965622369886
8,DIESEL_VACUUM_PUMPS,0.017835246906699364,5413.0,0.028768491714695647
8,ELECTRIC_PRESSURE_WASHERS,0.017835246906699364,23321.0,0.12394420751494867
8,ENGINE_COOLING_FAN_MOTORS,0.017835246906699364,13976.0,0.07427830042575029
8,CHRISTMAS_TREE_ORNAMENTS,0.017835246906699364,9412.0,0.05002199224435903
8,TRAMPOLINES,0.017835246906699364,8044.0,0.04275147743451169
8,WINE_CELLARS,0.017835246906699364,6414.0,0.03408851022687195
8,HOCKEY_GLOVES,0.017835246906699364,1229.0,0.006531770980484195
8,METAL_WIRES,0.017835246906699364,4123.0,0.021912523801901007
8,PLATE_COMPACTORS,0.017835246906699364,297.0,0.0015784670310852774
8,POOL_COVERS,0.017835246906699364,8383.0,0.04455316202554842
8,BLOOD_PRESSURE_MONITORS,0.017835246906699364,9230.0,0.049054716151236064
8,POOL_FILTERS,0.017835246906699364,5311.0,0.028226391926242114
8,ICE_MAKERS,0.017835246906699364,1769.0,0.009401711037002882
8,CAR_ENGINE_CAMSHAFTS,0.017835246906699364,24719.0,0.13137416343904704
8,HOSPITAL_BEDS,0.017835246906699364,2677.0,0.014227462095000969
7,WASHING_MACHINES,0.015605841043361945,25265.0,0.13427599171841595
7,WAKEBOARD_BOOTS,0.015605841043361945,380.0,0.0020195874471798164
7,ALARM_CLOCKS,0.015605841043361945,19461.0,0.10342945081464842
7,VIOLINS,0.015605841043361945,14872.0,0.07904027503804796
7,ECT_SENSORS,0.015605841043361945,16200.0,0.08609820169556058
7,TABLE_RUNNERS,0.015605841043361945,7746.0,0.04116769569961804
7,DRIVE_SHAFTS,0.015605841043361945,16779.0,0.08917541520060562
7,3D_GLASSES,0.015605841043361945,7082.0,0.03763873237086173
7,TABLEWARE_SETS,0.015605841043361945,16572.0,0.08807527151227346
7,DRUMSTICKS_MALLETS_AND_BRUSHES,0.015605841043361945,18751.0,0.0996560111107072
7,AUTOMOTIVE_ENGINE_VALVE_COVERS,0.015605841043361945,8836.0,0.046960722850739094
7,PACKAGING_ROLLS,0.015605841043361945,7238.0,0.038467826164967134
7,MARKING_AND_WARNING_TAPES,0.015605841043361945,6594.0,0.03504515691237818
7,HAIR_DRYERS,0.015605841043361945,27785.0,0.14766904531550315
7,PASTAS,0.015605841043361945,3237.0,0.017203696227687013
7,CARD_PAYMENT_TERMINALS,0.015605841043361945,9915.0,0.0526952882599681
7,HARD_DRIVES_AND_SSDS,0.015605841043361945,21515.0,0.11434585243703617
7,CONCERTINA_WIRES,0.015605841043361945,3315.0,0.017618243124739714
7,CAMERA_REPLACEMENT_DISPLAYS,0.015605841043361945,5558.0,0.029539123766908995
7,POLY_MAILERS,0.015605841043361945,10354.0,0.055028443231841626
7,SHOWER_CADDIES,0.015605841043361945,15335.0,0.08150098290132232
7,SCREEN_PRINTING_FRAMES,0.015605841043361945,1065.0,0.0056601595559118536
7,CAR_POWER_STEERING_PUMPS,0.015605841043361945,12184.0,0.06475435120115496
7,ISOPROPYL_ALCOHOLS,0.015605841043361945,1192.0,0.006335126939574581
7,PARTY_GLASSES,0.015605841043361945,7858.0,0.04176294252615525
7,PILATES_REFORMERS,0.015605841043361945,933.0,0.004958618653207286
7,EROTIC_BOOKS,0.015605841043361945,8988.0,0.04776855782961102
7,LAPTOP_STANDS,0.015605841043361945,8040.0,0.04273021861927822
7,INFLATABLE_SLIDES,0.015605841043361945,562.0,0.002986863540302781
7,FABRIC_SOFTENERS,0.015605841043361945,4921.0,0.02615365744097862
7,PAPER_SHREDDERS,0.015605841043361945,4065.0,0.021604270981015666
7,CAR_GEARBOXES,0.015605841043361945,16942.0,0.09004171192136959
7,DISC_BRAKE_CALIPER_PISTONS,0.015605841043361945,7818.0,0.041550354373820535
7,GROOVE_JOINT_PLIERS,0.015605841043361945,2858.0,0.015189423484315566
7,PENCIL_SHARPENERS,0.015605841043361945,6260.0,0.03327004584038329
7,BATHROOM_GRAB_BARS,0.015605841043361945,6954.0,0.036958450283390634
7,BICYCLE_PEDALS,0.015605841043361945,16553.0,0.08797429213991446
7,ENGINE_COOLING_FAN_SHROUDS,0.015605841043361945,15909.0,0.08455162288732551
7,MENSTRUAL_CUPS,0.015605841043361945,3244.0,0.01724089915434559
7,FOOTBALL_GOALS,0.015605841043361945,1901.0,0.01010325193970745
6,FOOD_CARTS,0.013376435180024524,2795.0,0.014854597144388386
6,NON_CORRECTIVE_CONTACT_LENSES,0.013376435180024524,9795.0,0.05205752380296395
6,FIELD_HOCKEY_STICKS,0.013376435180024524,9225.0,0.049028142632194224
6,FOOSBALL_TABLES,0.013376435180024524,5354.0,0.028454924190001937
6,VISES,0.013376435180024524,11729.0,0.062336160968347536
6,TEA_INFUSERS,0.013376435180024524,3235.0,0.01719306682007028
6,FITNESS_TRAMPOLINES,0.013376435180024524,2377.0,0.012633050952490588
6,CLARINETS,0.013376435180024524,7072.0,0.03758558533277805
6,TILE_CUTTERS,0.013376435180024524,3760.0,0.019983286319463445
6,ENGINE_VALVES_SPRING_RETAINERS,0.013376435180024524,15973.0,0.08489176393106106
6,TILLERS,0.013376435180024524,646.0,0.0034332986602056874
6,DENTAL_CURING_LIGHTS,0.013376435180024524,1722.0,0.009151919958009588
6,CUE_STICKS,0.013376435180024524,3087.0,0.01640649065643182
6,HONEY,0.013376435180024524,9767.0,0.05190871209632964
6,FREEZER_BAGS,0.013376435180024524,2816.0,0.014966205924364111
6,POLYFUSION_DEVICES,0.013376435180024524,2479.0,0.013175150740944117
6,CRAYONS,0.013376435180024524,5623.0,0.029884579514452912
6,GROOMING_TABLES,0.013376435180024524,847.0,0.004501554125687643
6,ANTIQUE_TAPE_RECORDERS,0.013376435180024524,3919.0,0.020828324224993946
6,CELLPHONE_REPLACEMENT_CAMERAS,0.013376435180024524,22142.0,0.11767817172488287
6,COMMERCIAL_LIGHT_SIGNS,0.013376435180024524,6932.0,0.03684152679960654
6,WATER_FLOW_SENSORS,0.013376435180024524,3220.0,0.017113346262944758
6,PUNCHING_BAGS_SUPPORTS,0.013376435180024524,990.0,0.005261556770284258
6,MUSIC_STANDS,0.013376435180024524,3494.0,0.018569575106437572
5,CHALKBOARD_AND_WHITEBOARD_ERASERS,0.011147029316687103,1083.0,0.005755824224462476
5,POOL_WATERFALLS,0.011147029316687103,4896.0,0.026020789845769422
5,COTTON_CANDY_MACHINES,0.011147029316687103,1106.0,0.005878062412054939
5,MICROMETERS,0.011147029316687103,7660.0,0.0407106311720984
5,CHIPPER_SHREDDERS,0.011147029316687103,1539.0,0.008179329161078256
5,CERVICAL_COLLARS,0.011147029316687103,1746.0,0.00927947284941042
5,AUTOMOTIVE_ENGINE_CYLINDER_HEADS,0.011147029316687103,18146.0,0.09644061530664459
5,MOTORCYCLE_DISTRIBUTION_CHAINS,0.011147029316687103,26182.0,0.13914957511068934
5,PARKING_BRAKE_HANDLES,0.011147029316687103,11175.0,0.0593918150585117
5,MOTORCYCLE_EXHAUSTS,0.011147029316687103,6387.0,0.033945013224046014
5,LATEX_ENAMEL_AND_ACRYLIC_PAINTS,0.011147029316687103,17183.0,0.09132255553918626
5,GUITAR_STRINGS,0.011147029316687103,18331.0,0.09742383551119266
5,CONDOMS,0.011147029316687103,9557.0,0.05079262429657238
5,MOTORCYCLE_IGNITION_COILS,0.011147029316687103,15085.0,0.08017230694923033
5,GRAPHICS_CARDS,0.011147029316687103,20265.0,0.10770247267657625
5,PROJECTOR_LAMPS,0.011147029316687103,16186.0,0.08602379584224343
5,BICYCLE_COVERS,0.011147029316687103,2040.0,0.010841995769070592
5,FOOTBALL_SHOES,0.011147029316687103,17102.0,0.09089206453070847
5,BABY_BOTTLE_WARMERS,0.011147029316687103,2273.0,0.012080321756420322
5,CAR_INTERCOOLERS,0.011147029316687103,13421.0,0.07132863981210609
5,GARDENING_AND_CONSTRUCTION_SHOVELS,0.011147029316687103,4175.0,0.02218888839993614
5,GAS_DETECTORS,0.011147029316687103,2757.0,0.014652638399670403
5,PIPE_CUTTERS,0.011147029316687103,1018.0,0.005410368476918561
5,HEEL_CUPS,0.011147029316687103,2720.0,0.01445599435876079
5,BUTTON_PINS,0.011147029316687103,18239.0,0.09693488276082281
5,DOG_LIFE_JACKETS,0.011147029316687103,730.0,0.0038797337801085943
5,FOOTBALL_BALLS,0.011147029316687103,27365.0,0.1454368697159886
4,FOLDING_SCREENS,0.008917623453349682,3574.0,0.018994751411107007
4,WASHING_AND_DRYER_MACHINE_COVERS,0.008917623453349682,7968.0,0.042347559945075726
4,STRAP_ONS,0.008917623453349682,8338.0,0.044314000354171865
4,WINDSHIELD_WIPER_MOTORS,0.008917623453349682,10630.0,0.05649530148295118
4,FOOTBALL_KITS,0.008917623453349682,15794.0,0.08394043194936321
4,WORLD_GLOBES,0.008917623453349682,2603.0,0.013834174013181742
4,DECORATIVE_TILES_AND_MOSAICS,0.008917623453349682,14812.0,0.07872139280954589
4,AUTOMOTIVE_CELLPHONE_AND_GPS_MOUNTS,0.008917623453349682,16477.0,0.08757037465047851
4,GYM_DUMBBELLS,0.008917623453349682,10484.0,0.05571935472692945
4,INDUSTRIAL_SAWS,0.008917623453349682,5484.0,0.029145835685089768
4,WALKMANS,0.008917623453349682,2199.0,0.011687033674601095
4,HOT_DOG_MACHINES,0.008917623453349682,1563.0,0.008306882052479087
4,VEHICLE_BRAKE_PADS,0.008917623453349682,20433.0,0.10859534291638206
4,VEHICLE_CLUTCH_CABLES,0.008917623453349682,18387.0,0.09772145892446127
4,AQUARIUM_SKIMMERS,0.008917623453349682,3290.0,0.017485375529530514
4,HORSE_SADDLES,0.008917623453349682,7158.0,0.0380426498602977
4,MOTORCYCLE_SHOCK_ABSORBERS,0.008917623453349682,15626.0,0.08304756170955739
4,MOTORCYCLE_TURN_SIGNAL_LIGHTS,0.008917623453349682,16901.0,0.08982380906522651
4,SHADE_CLOTHS,0.008917623453349682,7507.0,0.03989748148941811
4,TEQUILAS,0.008917623453349682,3775.0,0.020063006876588962
4,TALCUMS,0.008917623453349682,4062.0,0.02158832686959056
4,BABY_SAFETY_LOCKS,0.008917623453349682,2746.0,0.014594176657778356
4,AUTOMOTIVE_PAINTS,0.008917623453349682,6255.0,0.03324347232134145
4,TELEPHONE_CABLES,0.008917623453349682,7690.0,0.04087007228634944
4,CAR_SEAT_COVERS,0.008917623453349682,20340.0,0.10810107546220385
4,CAMPING_STOVES,0.008917623453349682,13907.0,0.0739115858629729
4,SEAT_BELTS,0.008917623453349682,14555.0,0.07735551393079533
4,CANDLES,0.008917623453349682,19838.0,0.10543309415040314
4,SEX_DOLLS,0.008917623453349682,5312.0,0.028231706630050483
4,TOY_CELLPHONES,0.008917623453349682,5525.0,0.029363738541232854
4,AUTOMOTIVE_THROTTLE_BODIES,0.008917623453349682,15942.0,0.08472700811300166
4,SAXOPHONES,0.008917623453349682,21297.0,0.11318724700681196
4,SOUND_CONSOLES_AND_DJ_MIXERS,0.008917623453349682,26949.0,0.14322595293170753
4,CHOCOLATES,0.008917623453349682,29034.0,0.1543071103721547
4,PRESSURE_GAUGES,0.008917623453349682,8739.0,0.046445196581327404
4,SNACK_HOLDERS,0.008917623453349682,2339.0,0.012431092207772606
4,TRAILER_HITCHES,0.008917623453349682,5611.0,0.029820803068752497
4,TOOL_ELECTRIC_SHARPENERS,0.008917623453349682,969.0,0.0051499479903085316
4,POWER_STEERING_FLUID_RESERVOIRS,0.008917623453349682,14300.0,0.0760002644596615
3,POOL_CHLORINE,0.006688217590012262,9176.0,0.04876772214558419
3,TOILET_BRUSHES,0.006688217590012262,3477.0,0.018479225141695317
3,PLANNERS_AND_PERSONAL_DIARIES,0.006688217590012262,16798.0,0.08927639457296462
3,AUTOMOBILE_FUEL_PUMPS,0.006688217590012262,18834.0,0.10009713152680173
3,DEBRIS_BAGS,0.006688217590012262,1576.0,0.00837597320198787
3,HEAT_GUNS,0.006688217590012262,8491.0,0.04512715003685216
3,HONEY_EXTRACTORS,0.006688217590012262,213.0,0.0011320319111823706
3,PUREBRED_DOGS,0.006688217590012262,25665.0,0.13640187324176312
3,HOT_WATER_BOTTLES,0.006688217590012262,1371.0,0.007286458921272442
3,HANDBALL_BALLS,0.006688217590012262,1872.0,0.00994912552926478
3,BABY_ACTIVITY_TABLES,0.006688217590012262,3864.0,0.02053601551553371
3,GONDOLA_SHELVING_UNITS,0.006688217590012262,4833.0,0.025685963505842242
3,SHAVING_CREAMS,0.006688217590012262,7784.0,0.041369654444336025
3,MAKEUP_REMOVERS,0.006688217590012262,14987.0,0.07965146597601028
3,ELECTRIC_BROOMS,0.006688217590012262,1917.0,0.010188287200641336
3,LAPTOP_KEYBOARDS,0.006688217590012262,17871.0,0.0949790717593434
3,CHARANGOS,0.006688217590012262,964.0,0.0051233744712666915
3,MOTORCYCLE_WHEEL_AXLES,0.006688217590012262,11964.0,0.063585116363314
3,COGNACS,0.006688217590012262,1319.0,0.007010094323237309
3,TRASH_BAGS,0.006688217590012262,6099.0,0.03241437852723605
3,OFFSET_PRINTERS,0.006688217590012262,2645.0,0.014057391573133194
3,VARNISHES,0.006688217590012262,4055.0,0.021551123942931984
3,CELLPHONE_USB_AND_AUXILIARY_ADAPTERS,0.006688217590012262,21143.0,0.1123687826203233
3,WAITER_CALLING_SYSTEMS,0.006688217590012262,541.0,0.002875254760327054
2,BUBBLE_MACHINES,0.004458811726674841,825.0,0.004384630641903548
2,SAFETY_HELMETS,0.004458811726674841,4205.0,0.022348329514187176
2,EXHAUST_MANIFOLDS,0.004458811726674841,9372.0,0.049809404092024306
2,EGGS,0.004458811726674841,8169.0,0.04341581541055768
2,ELECTRIC_KNIVES,0.004458811726674841,1619.0,0.00860450546574769
2,SALT,0.004458811726674841,4997.0,0.026557574930414583
2,STEP_PLATFORMS,0.004458811726674841,1862.0,0.009895978491181099
2,BRAKE_LIGHT_SWITCHES,0.004458811726674841,13246.0,0.0703985666456417
2,BALL_PIT_BALLS,0.004458811726674841,3765.0,0.020009859838505284
2,WRENCH_SETS,0.004458811726674841,26986.0,0.14342259697261717
2,BREADS,0.004458811726674841,2308.0,0.0122663363897132
2,STONE_FLOORINGS,0.004458811726674841,3154.0,0.016762575811592476
2,CAR_CARBURETORS,0.004458811726674841,28659.0,0.15231409644401672
2,ANIMAL_AND_BALL_HOPPERS,0.004458811726674841,2397.0,0.012739345028657947
2,AUTOMOTIVE_DOOR_PANELS,0.004458811726674841,12964.0,0.06889982017168195
2,USB_HUBS,0.004458811726674841,15088.0,0.08018825106065544
2,IGNITION_SWITCH_ACTUATORS,0.004458811726674841,13981.0,0.07430487394479213
2,PAPER_NAPKINS,0.004458811726674841,9966.0,0.05296633815419487
2,MOTORCYCLE_GEARBOXES,0.004458811726674841,8857.0,0.04707233163071482
2,MULTIGAME_MACHINE_CARDS,0.004458811726674841,1230.0,0.006537085684292563
2,NASAL_CPAP_MASKS,0.004458811726674841,2325.0,0.012356686354455455
2,COFFEE_POD_HOLDERS,0.004458811726674841,6004.0,0.031909481665441095
2,CLEANING_GLOVES,0.004458811726674841,2363.0,0.012558645099173435
2,KEYBOARD_AND_DIGITAL_PIANO_STANDS,0.004458811726674841,5401.0,0.02870471526899523
2,PHOTOCOPIERS,0.004458811726674841,11098.0,0.05898258286526737
2,OPTICAL_LEVELS,0.004458811726674841,1267.0,0.006733729725202177
2,PNEUMATIC_STAPLERS,0.004458811726674841,3227.0,0.017150549189603334
2,POLYCARBONATE_SHEETS,0.004458811726674841,1061.0,0.005638900740678381
1,DIVING_KNIVES,0.0022294058633374205,785.0,0.004172042489568831
1,TREADMILL_RUNNING_BELTS,0.0022294058633374205,6810.0,0.036193132934985654
1,FIRST_AID_KITS,0.0022294058633374205,2252.0,0.011968712976444595
1,ABDOMINAL_TONING_BELTS,0.0022294058633374205,2308.0,0.0122663363897132
1,ANGLE_CLAMPS,0.0022294058633374205,576.0,0.003061269393619932
1,STADIOMETERS,0.0022294058633374205,228.0,0.0012117524683078896
1,SQUEEGEES,0.0022294058633374205,2266.0,0.012043118829761746
1,TACTICAL_BAGS_AND_BACKPACKS,0.0022294058633374205,14113.0,0.0750064148474967
1,MOTORCYCLE_GASOLINE_TANKS,0.0022294058633374205,16982.0,0.09025430007370432
1,MOTORCYCLE_CDI_MODULES,0.0022294058633374205,15919.0,0.08460476992540919
1,SUN_UMBRELLAS,0.0022294058633374205,10455.0,0.05556522831648678
1,SKIS,0.0022294058633374205,2164.0,0.011501019041308217
1,BOTTLE_OPENERS,0.0022294058633374205,9014.0,0.04790674012862859
1,FUEL_LEVEL_FLOATS,0.0022294058633374205,12403.0,0.06591827133518753
1,PINCERS,0.0022294058633374205,5064.0,0.026913660085575233
1,MDF_BOARDS,0.0022294058633374205,3129.0,0.016629708216383276
1,WALL_LIGHT_SWITCHES,0.0022294058633374205,14499.0,0.07705789051752672
1,CONSTRUCTION_SAND,0.0022294058633374205,1279.0,0.006797506170902592
1,AGOGOS,0.0022294058633374205,732.0,0.00389036318772533
1,AUTOMOTIVE_SHIFT_LEVER_KNOBS,0.0022294058633374205,10432.0,0.05544299012889432
1,PORTABLE_HANGING_SCALES,0.0022294058633374205,5513.0,0.02929996209553244
1,LAUNDRY_ROOM_CABINETS,0.0022294058633374205,6600.0,0.035077045135228385
1,PACKAGING_CONTAINERS,0.0022294058633374205,13089.0,0.06956415814772793
1,PAINT_BRUSHES,0.0022294058633374205,19453.0,0.10338693318418149
1,CORKSCREWS,0.0022294058633374205,6566.0,0.034896345205743876
1,KITCHEN_SHOVELS_AND_SPATULAS,0.0022294058633374205,11423.0,0.06070986160298695
1,PLASTIC_GRINDING_MACHINES,0.0022294058633374205,681.0,0.003619313293498565
1,HAND_BRAKE_CABLES,0.0022294058633374205,9758.0,0.051860879762054335
1,IRRIGATION_SPRINKLERS,0.0022294058633374205,7323.0,0.03891957598867841
1,QUEUE_STANCHIONS,0.0022294058633374205,252.0,0.0013393053597087201
1,GRILL_GRATES,0.0022294058633374205,12548.0,0.06668890338740088
1,IDENTIFICATION_AND_PRESENTATION_CARDS,0.0022294058633374205,11487.0,0.061050002646722494
1,HOSE_CLAMP_PLIERS,0.0022294058633374205,872.0,0.004634421720896841
